latitude,longitude,elevation,utc_offset_seconds,timezone,timezone_abbreviation
46.06,11.125,204.0,0,GMT,GMT

time,temperature_2m (Â°C),precipitation (mm),snowfall (cm),wind_speed_10m (km/h)
2025-08-02T00:00,NaN,NaN,NaN,NaN
2025-08-02T01:00,NaN,NaN,NaN,NaN
2025-08-02T02:00,NaN,NaN,NaN,NaN
2025-08-02T03:00,NaN,NaN,NaN,NaN
2025-08-02T04:00,NaN,NaN,NaN,NaN
2025-08-02T05:00,NaN,NaN,NaN,NaN
2025-08-02T06:00,NaN,NaN,NaN,NaN
2025-08-02T07:00,NaN,NaN,NaN,NaN
2025-08-02T08:00,NaN,NaN,NaN,NaN
2025-08-02T09:00,NaN,NaN,NaN,NaN
2025-08-02T10:00,NaN,NaN,NaN,NaN
2025-08-02T11:00,NaN,NaN,NaN,NaN
2025-08-02T12:00,NaN,NaN,NaN,NaN
2025-08-02T13:00,NaN,NaN,NaN,NaN
2025-08-02T14:00,NaN,NaN,NaN,NaN
2025-08-02T15:00,NaN,NaN,NaN,NaN
2025-08-02T16:00,NaN,NaN,NaN,NaN
2025-08-02T17:00,NaN,NaN,NaN,NaN
2025-08-02T18:00,NaN,NaN,NaN,NaN
2025-08-02T19:00,NaN,NaN,NaN,NaN
2025-08-02T20:00,NaN,NaN,NaN,NaN
2025-08-02T21:00,NaN,NaN,NaN,NaN
2025-08-02T22:00,NaN,NaN,NaN,NaN
2025-08-02T23:00,NaN,NaN,NaN,NaN
2025-08-03T00:00,NaN,NaN,NaN,NaN
2025-08-03T01:00,NaN,NaN,NaN,NaN
2025-08-03T02:00,NaN,NaN,NaN,NaN
2025-08-03T03:00,NaN,NaN,NaN,NaN
2025-08-03T04:00,NaN,NaN,NaN,NaN
2025-08-03T05:00,NaN,NaN,NaN,NaN
2025-08-03T06:00,NaN,NaN,NaN,NaN
2025-08-03T07:00,NaN,NaN,NaN,NaN
2025-08-03T08:00,NaN,NaN,NaN,NaN
2025-08-03T09:00,NaN,NaN,NaN,NaN
2025-08-03T10:00,NaN,NaN,NaN,NaN
2025-08-03T11:00,NaN,NaN,NaN,NaN
2025-08-03T12:00,NaN,NaN,NaN,NaN
2025-08-03T13:00,NaN,NaN,NaN,NaN
2025-08-03T14:00,NaN,NaN,NaN,NaN
2025-08-03T15:00,NaN,NaN,NaN,NaN
2025-08-03T16:00,NaN,NaN,NaN,NaN
2025-08-03T17:00,NaN,NaN,NaN,NaN
2025-08-03T18:00,NaN,NaN,NaN,NaN
2025-08-03T19:00,NaN,NaN,NaN,NaN
2025-08-03T20:00,NaN,NaN,NaN,NaN
2025-08-03T21:00,NaN,NaN,NaN,NaN
2025-08-03T22:00,NaN,NaN,NaN,NaN
2025-08-03T23:00,NaN,NaN,NaN,NaN
2025-08-04T00:00,NaN,NaN,NaN,NaN
2025-08-04T01:00,NaN,NaN,NaN,NaN
2025-08-04T02:00,NaN,NaN,NaN,NaN
2025-08-04T03:00,NaN,NaN,NaN,NaN
2025-08-04T04:00,NaN,NaN,NaN,NaN
2025-08-04T05:00,NaN,NaN,NaN,NaN
2025-08-04T06:00,NaN,NaN,NaN,NaN
2025-08-04T07:00,NaN,NaN,NaN,NaN
2025-08-04T08:00,NaN,NaN,NaN,NaN
2025-08-04T09:00,NaN,NaN,NaN,NaN
2025-08-04T10:00,NaN,NaN,NaN,NaN
2025-08-04T11:00,NaN,NaN,NaN,NaN
2025-08-04T12:00,NaN,NaN,NaN,NaN
2025-08-04T13:00,NaN,NaN,NaN,NaN
2025-08-04T14:00,NaN,NaN,NaN,NaN
2025-08-04T15:00,NaN,NaN,NaN,NaN
2025-08-04T16:00,NaN,NaN,NaN,NaN
2025-08-04T17:00,NaN,NaN,NaN,NaN
2025-08-04T18:00,NaN,NaN,NaN,NaN
2025-08-04T19:00,NaN,NaN,NaN,NaN
2025-08-04T20:00,NaN,NaN,NaN,NaN
2025-08-04T21:00,NaN,NaN,NaN,NaN
2025-08-04T22:00,NaN,NaN,NaN,NaN
2025-08-04T23:00,NaN,NaN,NaN,NaN
2025-08-05T00:00,NaN,NaN,NaN,NaN
2025-08-05T01:00,NaN,NaN,NaN,NaN
2025-08-05T02:00,NaN,NaN,NaN,NaN
2025-08-05T03:00,NaN,NaN,NaN,NaN
2025-08-05T04:00,NaN,NaN,NaN,NaN
2025-08-05T05:00,NaN,NaN,NaN,NaN
2025-08-05T06:00,NaN,NaN,NaN,NaN
2025-08-05T07:00,NaN,NaN,NaN,NaN
2025-08-05T08:00,NaN,NaN,NaN,NaN
2025-08-05T09:00,NaN,NaN,NaN,NaN
2025-08-05T10:00,NaN,NaN,NaN,NaN
2025-08-05T11:00,NaN,NaN,NaN,NaN
2025-08-05T12:00,NaN,NaN,NaN,NaN
2025-08-05T13:00,NaN,NaN,NaN,NaN
2025-08-05T14:00,NaN,NaN,NaN,NaN
2025-08-05T15:00,NaN,NaN,NaN,NaN
2025-08-05T16:00,NaN,NaN,NaN,NaN
2025-08-05T17:00,NaN,NaN,NaN,NaN
2025-08-05T18:00,NaN,NaN,NaN,NaN
2025-08-05T19:00,NaN,NaN,NaN,NaN
2025-08-05T20:00,NaN,NaN,NaN,NaN
2025-08-05T21:00,NaN,NaN,NaN,NaN
2025-08-05T22:00,NaN,NaN,NaN,NaN
2025-08-05T23:00,NaN,NaN,NaN,NaN
2025-08-06T00:00,NaN,NaN,NaN,NaN
2025-08-06T01:00,NaN,NaN,NaN,NaN
2025-08-06T02:00,NaN,NaN,NaN,NaN
2025-08-06T03:00,NaN,NaN,NaN,NaN
2025-08-06T04:00,NaN,NaN,NaN,NaN
2025-08-06T05:00,NaN,NaN,NaN,NaN
2025-08-06T06:00,NaN,NaN,NaN,NaN
2025-08-06T07:00,NaN,NaN,NaN,NaN
2025-08-06T08:00,NaN,NaN,NaN,NaN
2025-08-06T09:00,NaN,NaN,NaN,NaN
2025-08-06T10:00,NaN,NaN,NaN,NaN
2025-08-06T11:00,NaN,NaN,NaN,NaN
2025-08-06T12:00,NaN,NaN,NaN,NaN
2025-08-06T13:00,NaN,NaN,NaN,NaN
2025-08-06T14:00,NaN,NaN,NaN,NaN
2025-08-06T15:00,NaN,NaN,NaN,NaN
2025-08-06T16:00,NaN,NaN,NaN,NaN
2025-08-06T17:00,NaN,NaN,NaN,NaN
2025-08-06T18:00,NaN,NaN,NaN,NaN
2025-08-06T19:00,NaN,NaN,NaN,NaN
2025-08-06T20:00,NaN,NaN,NaN,NaN
2025-08-06T21:00,NaN,NaN,NaN,NaN
2025-08-06T22:00,NaN,NaN,NaN,NaN
2025-08-06T23:00,NaN,NaN,NaN,NaN
2025-08-07T00:00,NaN,NaN,NaN,NaN
2025-08-07T01:00,NaN,NaN,NaN,NaN
2025-08-07T02:00,NaN,NaN,NaN,NaN
2025-08-07T03:00,NaN,NaN,NaN,NaN
2025-08-07T04:00,NaN,NaN,NaN,NaN
2025-08-07T05:00,NaN,NaN,NaN,NaN
2025-08-07T06:00,NaN,NaN,NaN,NaN
2025-08-07T07:00,NaN,NaN,NaN,NaN
2025-08-07T08:00,NaN,NaN,NaN,NaN
2025-08-07T09:00,NaN,NaN,NaN,NaN
2025-08-07T10:00,NaN,NaN,NaN,NaN
2025-08-07T11:00,NaN,NaN,NaN,NaN
2025-08-07T12:00,NaN,NaN,NaN,NaN
2025-08-07T13:00,NaN,NaN,NaN,NaN
2025-08-07T14:00,NaN,NaN,NaN,NaN
2025-08-07T15:00,NaN,NaN,NaN,NaN
2025-08-07T16:00,NaN,NaN,NaN,NaN
2025-08-07T17:00,NaN,NaN,NaN,NaN
2025-08-07T18:00,NaN,NaN,NaN,NaN
2025-08-07T19:00,NaN,NaN,NaN,NaN
2025-08-07T20:00,NaN,NaN,NaN,NaN
2025-08-07T21:00,NaN,NaN,NaN,NaN
2025-08-07T22:00,NaN,NaN,NaN,NaN
2025-08-07T23:00,NaN,NaN,NaN,NaN
2025-08-08T00:00,NaN,NaN,NaN,NaN
2025-08-08T01:00,NaN,NaN,NaN,NaN
2025-08-08T02:00,NaN,NaN,NaN,NaN
2025-08-08T03:00,NaN,NaN,NaN,NaN
2025-08-08T04:00,NaN,NaN,NaN,NaN
2025-08-08T05:00,NaN,NaN,NaN,NaN
2025-08-08T06:00,NaN,NaN,NaN,NaN
2025-08-08T07:00,NaN,NaN,NaN,NaN
2025-08-08T08:00,NaN,NaN,NaN,NaN
2025-08-08T09:00,NaN,NaN,NaN,NaN
2025-08-08T10:00,NaN,NaN,NaN,NaN
2025-08-08T11:00,NaN,NaN,NaN,NaN
2025-08-08T12:00,NaN,NaN,NaN,NaN
2025-08-08T13:00,NaN,NaN,NaN,NaN
2025-08-08T14:00,NaN,NaN,NaN,NaN
2025-08-08T15:00,NaN,NaN,NaN,NaN
2025-08-08T16:00,NaN,NaN,NaN,NaN
2025-08-08T17:00,NaN,NaN,NaN,NaN
2025-08-08T18:00,NaN,NaN,NaN,NaN
2025-08-08T19:00,NaN,NaN,NaN,NaN
2025-08-08T20:00,NaN,NaN,NaN,NaN
2025-08-08T21:00,NaN,NaN,NaN,NaN
2025-08-08T22:00,NaN,NaN,NaN,NaN
2025-08-08T23:00,NaN,NaN,NaN,NaN
2025-08-09T00:00,NaN,NaN,NaN,NaN
2025-08-09T01:00,NaN,NaN,NaN,NaN
2025-08-09T02:00,NaN,NaN,NaN,NaN
2025-08-09T03:00,NaN,NaN,NaN,NaN
2025-08-09T04:00,NaN,NaN,NaN,NaN
2025-08-09T05:00,NaN,NaN,NaN,NaN
2025-08-09T06:00,NaN,NaN,NaN,NaN
2025-08-09T07:00,NaN,NaN,NaN,NaN
2025-08-09T08:00,NaN,NaN,NaN,NaN
2025-08-09T09:00,NaN,NaN,NaN,NaN
2025-08-09T10:00,NaN,NaN,NaN,NaN
2025-08-09T11:00,NaN,NaN,NaN,NaN
2025-08-09T12:00,NaN,NaN,NaN,NaN
2025-08-09T13:00,NaN,NaN,NaN,NaN
2025-08-09T14:00,NaN,NaN,NaN,NaN
2025-08-09T15:00,NaN,NaN,NaN,NaN
2025-08-09T16:00,NaN,NaN,NaN,NaN
2025-08-09T17:00,NaN,NaN,NaN,NaN
2025-08-09T18:00,NaN,NaN,NaN,NaN
2025-08-09T19:00,NaN,NaN,NaN,NaN
2025-08-09T20:00,NaN,NaN,NaN,NaN
2025-08-09T21:00,NaN,NaN,NaN,NaN
2025-08-09T22:00,NaN,NaN,NaN,NaN
2025-08-09T23:00,NaN,NaN,NaN,NaN
2025-08-10T00:00,NaN,NaN,NaN,NaN
2025-08-10T01:00,NaN,NaN,NaN,NaN
2025-08-10T02:00,NaN,NaN,NaN,NaN
2025-08-10T03:00,NaN,NaN,NaN,NaN
2025-08-10T04:00,NaN,NaN,NaN,NaN
2025-08-10T05:00,NaN,NaN,NaN,NaN
2025-08-10T06:00,NaN,NaN,NaN,NaN
2025-08-10T07:00,NaN,NaN,NaN,NaN
2025-08-10T08:00,NaN,NaN,NaN,NaN
2025-08-10T09:00,NaN,NaN,NaN,NaN
2025-08-10T10:00,NaN,NaN,NaN,NaN
2025-08-10T11:00,NaN,NaN,NaN,NaN
2025-08-10T12:00,NaN,NaN,NaN,NaN
2025-08-10T13:00,NaN,NaN,NaN,NaN
2025-08-10T14:00,NaN,NaN,NaN,NaN
2025-08-10T15:00,NaN,NaN,NaN,NaN
2025-08-10T16:00,NaN,NaN,NaN,NaN
2025-08-10T17:00,NaN,NaN,NaN,NaN
2025-08-10T18:00,NaN,NaN,NaN,NaN
2025-08-10T19:00,NaN,NaN,NaN,NaN
2025-08-10T20:00,NaN,NaN,NaN,NaN
2025-08-10T21:00,NaN,NaN,NaN,NaN
2025-08-10T22:00,NaN,NaN,NaN,NaN
2025-08-10T23:00,NaN,NaN,NaN,NaN
2025-08-11T00:00,NaN,NaN,NaN,NaN
2025-08-11T01:00,NaN,NaN,NaN,NaN
2025-08-11T02:00,NaN,NaN,NaN,NaN
2025-08-11T03:00,NaN,NaN,NaN,NaN
2025-08-11T04:00,NaN,NaN,NaN,NaN
2025-08-11T05:00,NaN,NaN,NaN,NaN
2025-08-11T06:00,NaN,NaN,NaN,NaN
2025-08-11T07:00,NaN,NaN,NaN,NaN
2025-08-11T08:00,NaN,NaN,NaN,NaN
2025-08-11T09:00,NaN,NaN,NaN,NaN
2025-08-11T10:00,NaN,NaN,NaN,NaN
2025-08-11T11:00,NaN,NaN,NaN,NaN
2025-08-11T12:00,NaN,NaN,NaN,NaN
2025-08-11T13:00,NaN,NaN,NaN,NaN
2025-08-11T14:00,NaN,NaN,NaN,NaN
2025-08-11T15:00,NaN,NaN,NaN,NaN
2025-08-11T16:00,NaN,NaN,NaN,NaN
2025-08-11T17:00,NaN,NaN,NaN,NaN
2025-08-11T18:00,NaN,NaN,NaN,NaN
2025-08-11T19:00,NaN,NaN,NaN,NaN
2025-08-11T20:00,NaN,NaN,NaN,NaN
2025-08-11T21:00,NaN,NaN,NaN,NaN
2025-08-11T22:00,NaN,NaN,NaN,NaN
2025-08-11T23:00,NaN,NaN,NaN,NaN
2025-08-12T00:00,NaN,NaN,NaN,NaN
2025-08-12T01:00,NaN,NaN,NaN,NaN
2025-08-12T02:00,NaN,NaN,NaN,NaN
2025-08-12T03:00,NaN,NaN,NaN,NaN
2025-08-12T04:00,NaN,NaN,NaN,NaN
2025-08-12T05:00,NaN,NaN,NaN,NaN
2025-08-12T06:00,NaN,NaN,NaN,NaN
2025-08-12T07:00,NaN,NaN,NaN,NaN
2025-08-12T08:00,NaN,NaN,NaN,NaN
2025-08-12T09:00,NaN,NaN,NaN,NaN
2025-08-12T10:00,NaN,NaN,NaN,NaN
2025-08-12T11:00,NaN,NaN,NaN,NaN
2025-08-12T12:00,NaN,NaN,NaN,NaN
2025-08-12T13:00,NaN,NaN,NaN,NaN
2025-08-12T14:00,NaN,NaN,NaN,NaN
2025-08-12T15:00,NaN,NaN,NaN,NaN
2025-08-12T16:00,NaN,NaN,NaN,NaN
2025-08-12T17:00,NaN,NaN,NaN,NaN
2025-08-12T18:00,NaN,NaN,NaN,NaN
2025-08-12T19:00,NaN,NaN,NaN,NaN
2025-08-12T20:00,NaN,NaN,NaN,NaN
2025-08-12T21:00,NaN,NaN,NaN,NaN
2025-08-12T22:00,NaN,NaN,NaN,NaN
2025-08-12T23:00,NaN,NaN,NaN,NaN
2025-08-13T00:00,NaN,NaN,NaN,NaN
2025-08-13T01:00,NaN,NaN,NaN,NaN
2025-08-13T02:00,NaN,NaN,NaN,NaN
2025-08-13T03:00,NaN,NaN,NaN,NaN
2025-08-13T04:00,NaN,NaN,NaN,NaN
2025-08-13T05:00,NaN,NaN,NaN,NaN
2025-08-13T06:00,NaN,NaN,NaN,NaN
2025-08-13T07:00,NaN,NaN,NaN,NaN
2025-08-13T08:00,NaN,NaN,NaN,NaN
2025-08-13T09:00,NaN,NaN,NaN,NaN
2025-08-13T10:00,NaN,NaN,NaN,NaN
2025-08-13T11:00,NaN,NaN,NaN,NaN
2025-08-13T12:00,NaN,NaN,NaN,NaN
2025-08-13T13:00,NaN,NaN,NaN,NaN
2025-08-13T14:00,NaN,NaN,NaN,NaN
2025-08-13T15:00,NaN,NaN,NaN,NaN
2025-08-13T16:00,NaN,NaN,NaN,NaN
2025-08-13T17:00,NaN,NaN,NaN,NaN
2025-08-13T18:00,NaN,NaN,NaN,NaN
2025-08-13T19:00,NaN,NaN,NaN,NaN
2025-08-13T20:00,NaN,NaN,NaN,NaN
2025-08-13T21:00,NaN,NaN,NaN,NaN
2025-08-13T22:00,NaN,NaN,NaN,NaN
2025-08-13T23:00,NaN,NaN,NaN,NaN
2025-08-14T00:00,NaN,NaN,NaN,NaN
2025-08-14T01:00,NaN,NaN,NaN,NaN
2025-08-14T02:00,NaN,NaN,NaN,NaN
2025-08-14T03:00,NaN,NaN,NaN,NaN
2025-08-14T04:00,NaN,NaN,NaN,NaN
2025-08-14T05:00,NaN,NaN,NaN,NaN
2025-08-14T06:00,NaN,NaN,NaN,NaN
2025-08-14T07:00,NaN,NaN,NaN,NaN
2025-08-14T08:00,NaN,NaN,NaN,NaN
2025-08-14T09:00,NaN,NaN,NaN,NaN
2025-08-14T10:00,NaN,NaN,NaN,NaN
2025-08-14T11:00,NaN,NaN,NaN,NaN
2025-08-14T12:00,NaN,NaN,NaN,NaN
2025-08-14T13:00,NaN,NaN,NaN,NaN
2025-08-14T14:00,NaN,NaN,NaN,NaN
2025-08-14T15:00,NaN,NaN,NaN,NaN
2025-08-14T16:00,NaN,NaN,NaN,NaN
2025-08-14T17:00,NaN,NaN,NaN,NaN
2025-08-14T18:00,NaN,NaN,NaN,NaN
2025-08-14T19:00,NaN,NaN,NaN,NaN
2025-08-14T20:00,NaN,NaN,NaN,NaN
2025-08-14T21:00,NaN,NaN,NaN,NaN
2025-08-14T22:00,NaN,NaN,NaN,NaN
2025-08-14T23:00,NaN,NaN,NaN,NaN
2025-08-15T00:00,NaN,NaN,NaN,NaN
2025-08-15T01:00,NaN,NaN,NaN,NaN
2025-08-15T02:00,NaN,NaN,NaN,NaN
2025-08-15T03:00,NaN,NaN,NaN,NaN
2025-08-15T04:00,NaN,NaN,NaN,NaN
2025-08-15T05:00,NaN,NaN,NaN,NaN
2025-08-15T06:00,NaN,NaN,NaN,NaN
2025-08-15T07:00,NaN,NaN,NaN,NaN
2025-08-15T08:00,NaN,NaN,NaN,NaN
2025-08-15T09:00,NaN,NaN,NaN,NaN
2025-08-15T10:00,NaN,NaN,NaN,NaN
2025-08-15T11:00,NaN,NaN,NaN,NaN
2025-08-15T12:00,NaN,NaN,NaN,NaN
2025-08-15T13:00,NaN,NaN,NaN,NaN
2025-08-15T14:00,NaN,NaN,NaN,NaN
2025-08-15T15:00,NaN,NaN,NaN,NaN
2025-08-15T16:00,NaN,NaN,NaN,NaN
2025-08-15T17:00,NaN,NaN,NaN,NaN
2025-08-15T18:00,NaN,NaN,NaN,NaN
2025-08-15T19:00,NaN,NaN,NaN,NaN
2025-08-15T20:00,NaN,NaN,NaN,NaN
2025-08-15T21:00,NaN,NaN,NaN,NaN
2025-08-15T22:00,NaN,NaN,NaN,NaN
2025-08-15T23:00,NaN,NaN,NaN,NaN
2025-08-16T00:00,NaN,NaN,NaN,NaN
2025-08-16T01:00,NaN,NaN,NaN,NaN
2025-08-16T02:00,NaN,NaN,NaN,NaN
2025-08-16T03:00,NaN,NaN,NaN,NaN
2025-08-16T04:00,NaN,NaN,NaN,NaN
2025-08-16T05:00,NaN,NaN,NaN,NaN
2025-08-16T06:00,NaN,NaN,NaN,NaN
2025-08-16T07:00,NaN,NaN,NaN,NaN
2025-08-16T08:00,NaN,NaN,NaN,NaN
2025-08-16T09:00,NaN,NaN,NaN,NaN
2025-08-16T10:00,NaN,NaN,NaN,NaN
2025-08-16T11:00,NaN,NaN,NaN,NaN
2025-08-16T12:00,NaN,NaN,NaN,NaN
2025-08-16T13:00,NaN,NaN,NaN,NaN
2025-08-16T14:00,NaN,NaN,NaN,NaN
2025-08-16T15:00,NaN,NaN,NaN,NaN
2025-08-16T16:00,NaN,NaN,NaN,NaN
2025-08-16T17:00,NaN,NaN,NaN,NaN
2025-08-16T18:00,NaN,NaN,NaN,NaN
2025-08-16T19:00,NaN,NaN,NaN,NaN
2025-08-16T20:00,NaN,NaN,NaN,NaN
2025-08-16T21:00,NaN,NaN,NaN,NaN
2025-08-16T22:00,NaN,NaN,NaN,NaN
2025-08-16T23:00,NaN,NaN,NaN,NaN
2025-08-17T00:00,NaN,NaN,NaN,NaN
2025-08-17T01:00,NaN,NaN,NaN,NaN
2025-08-17T02:00,NaN,NaN,NaN,NaN
2025-08-17T03:00,NaN,NaN,NaN,NaN
2025-08-17T04:00,NaN,NaN,NaN,NaN
2025-08-17T05:00,NaN,NaN,NaN,NaN
2025-08-17T06:00,NaN,NaN,NaN,NaN
2025-08-17T07:00,NaN,NaN,NaN,NaN
2025-08-17T08:00,NaN,NaN,NaN,NaN
2025-08-17T09:00,NaN,NaN,NaN,NaN
2025-08-17T10:00,NaN,NaN,NaN,NaN
2025-08-17T11:00,NaN,NaN,NaN,NaN
2025-08-17T12:00,NaN,NaN,NaN,NaN
2025-08-17T13:00,NaN,NaN,NaN,NaN
2025-08-17T14:00,NaN,NaN,NaN,NaN
2025-08-17T15:00,NaN,NaN,NaN,NaN
2025-08-17T16:00,NaN,NaN,NaN,NaN
2025-08-17T17:00,NaN,NaN,NaN,NaN
2025-08-17T18:00,NaN,NaN,NaN,NaN
2025-08-17T19:00,NaN,NaN,NaN,NaN
2025-08-17T20:00,NaN,NaN,NaN,NaN
2025-08-17T21:00,NaN,NaN,NaN,NaN
2025-08-17T22:00,NaN,NaN,NaN,NaN
2025-08-17T23:00,NaN,NaN,NaN,NaN
2025-08-18T00:00,NaN,NaN,NaN,NaN
2025-08-18T01:00,NaN,NaN,NaN,NaN
2025-08-18T02:00,NaN,NaN,NaN,NaN
2025-08-18T03:00,NaN,NaN,NaN,NaN
2025-08-18T04:00,NaN,NaN,NaN,NaN
2025-08-18T05:00,NaN,NaN,NaN,NaN
2025-08-18T06:00,NaN,NaN,NaN,NaN
2025-08-18T07:00,NaN,NaN,NaN,NaN
2025-08-18T08:00,NaN,NaN,NaN,NaN
2025-08-18T09:00,NaN,NaN,NaN,NaN
2025-08-18T10:00,NaN,NaN,NaN,NaN
2025-08-18T11:00,NaN,NaN,NaN,NaN
2025-08-18T12:00,NaN,NaN,NaN,NaN
2025-08-18T13:00,NaN,NaN,NaN,NaN
2025-08-18T14:00,NaN,NaN,NaN,NaN
2025-08-18T15:00,NaN,NaN,NaN,NaN
2025-08-18T16:00,NaN,NaN,NaN,NaN
2025-08-18T17:00,NaN,NaN,NaN,NaN
2025-08-18T18:00,NaN,NaN,NaN,NaN
2025-08-18T19:00,NaN,NaN,NaN,NaN
2025-08-18T20:00,NaN,NaN,NaN,NaN
2025-08-18T21:00,NaN,NaN,NaN,NaN
2025-08-18T22:00,NaN,NaN,NaN,NaN
2025-08-18T23:00,NaN,NaN,NaN,NaN
2025-08-19T00:00,NaN,NaN,NaN,NaN
2025-08-19T01:00,NaN,NaN,NaN,NaN
2025-08-19T02:00,NaN,NaN,NaN,NaN
2025-08-19T03:00,NaN,NaN,NaN,NaN
2025-08-19T04:00,NaN,NaN,NaN,NaN
2025-08-19T05:00,NaN,NaN,NaN,NaN
2025-08-19T06:00,NaN,NaN,NaN,NaN
2025-08-19T07:00,NaN,NaN,NaN,NaN
2025-08-19T08:00,NaN,NaN,NaN,NaN
2025-08-19T09:00,NaN,NaN,NaN,NaN
2025-08-19T10:00,NaN,NaN,NaN,NaN
2025-08-19T11:00,NaN,NaN,NaN,NaN
2025-08-19T12:00,NaN,NaN,NaN,NaN
2025-08-19T13:00,NaN,NaN,NaN,NaN
2025-08-19T14:00,NaN,NaN,NaN,NaN
2025-08-19T15:00,NaN,NaN,NaN,NaN
2025-08-19T16:00,NaN,NaN,NaN,NaN
2025-08-19T17:00,NaN,NaN,NaN,NaN
2025-08-19T18:00,NaN,NaN,NaN,NaN
2025-08-19T19:00,NaN,NaN,NaN,NaN
2025-08-19T20:00,NaN,NaN,NaN,NaN
2025-08-19T21:00,NaN,NaN,NaN,NaN
2025-08-19T22:00,NaN,NaN,NaN,NaN
2025-08-19T23:00,NaN,NaN,NaN,NaN
2025-08-20T00:00,NaN,NaN,NaN,NaN
2025-08-20T01:00,NaN,NaN,NaN,NaN
2025-08-20T02:00,NaN,NaN,NaN,NaN
2025-08-20T03:00,NaN,NaN,NaN,NaN
2025-08-20T04:00,NaN,NaN,NaN,NaN
2025-08-20T05:00,NaN,NaN,NaN,NaN
2025-08-20T06:00,NaN,NaN,NaN,NaN
2025-08-20T07:00,NaN,NaN,NaN,NaN
2025-08-20T08:00,NaN,NaN,NaN,NaN
2025-08-20T09:00,NaN,NaN,NaN,NaN
2025-08-20T10:00,NaN,NaN,NaN,NaN
2025-08-20T11:00,NaN,NaN,NaN,NaN
2025-08-20T12:00,NaN,NaN,NaN,NaN
2025-08-20T13:00,NaN,NaN,NaN,NaN
2025-08-20T14:00,NaN,NaN,NaN,NaN
2025-08-20T15:00,NaN,NaN,NaN,NaN
2025-08-20T16:00,NaN,NaN,NaN,NaN
2025-08-20T17:00,NaN,NaN,NaN,NaN
2025-08-20T18:00,NaN,NaN,NaN,NaN
2025-08-20T19:00,NaN,NaN,NaN,NaN
2025-08-20T20:00,NaN,NaN,NaN,NaN
2025-08-20T21:00,NaN,NaN,NaN,NaN
2025-08-20T22:00,NaN,NaN,NaN,NaN
2025-08-20T23:00,NaN,NaN,NaN,NaN
2025-08-21T00:00,NaN,NaN,NaN,NaN
2025-08-21T01:00,NaN,NaN,NaN,NaN
2025-08-21T02:00,NaN,NaN,NaN,NaN
2025-08-21T03:00,NaN,NaN,NaN,NaN
2025-08-21T04:00,NaN,NaN,NaN,NaN
2025-08-21T05:00,NaN,NaN,NaN,NaN
2025-08-21T06:00,NaN,NaN,NaN,NaN
2025-08-21T07:00,NaN,NaN,NaN,NaN
2025-08-21T08:00,NaN,NaN,NaN,NaN
2025-08-21T09:00,NaN,NaN,NaN,NaN
2025-08-21T10:00,NaN,NaN,NaN,NaN
2025-08-21T11:00,NaN,NaN,NaN,NaN
2025-08-21T12:00,NaN,NaN,NaN,NaN
2025-08-21T13:00,NaN,NaN,NaN,NaN
2025-08-21T14:00,NaN,NaN,NaN,NaN
2025-08-21T15:00,NaN,NaN,NaN,NaN
2025-08-21T16:00,NaN,NaN,NaN,NaN
2025-08-21T17:00,NaN,NaN,NaN,NaN
2025-08-21T18:00,NaN,NaN,NaN,NaN
2025-08-21T19:00,NaN,NaN,NaN,NaN
2025-08-21T20:00,NaN,NaN,NaN,NaN
2025-08-21T21:00,NaN,NaN,NaN,NaN
2025-08-21T22:00,NaN,NaN,NaN,NaN
2025-08-21T23:00,NaN,NaN,NaN,NaN
2025-08-22T00:00,NaN,NaN,NaN,NaN
2025-08-22T01:00,NaN,NaN,NaN,NaN
2025-08-22T02:00,NaN,NaN,NaN,NaN
2025-08-22T03:00,NaN,NaN,NaN,NaN
2025-08-22T04:00,NaN,NaN,NaN,NaN
2025-08-22T05:00,NaN,NaN,NaN,NaN
2025-08-22T06:00,NaN,NaN,NaN,NaN
2025-08-22T07:00,NaN,NaN,NaN,NaN
2025-08-22T08:00,NaN,NaN,NaN,NaN
2025-08-22T09:00,NaN,NaN,NaN,NaN
2025-08-22T10:00,NaN,NaN,NaN,NaN
2025-08-22T11:00,NaN,NaN,NaN,NaN
2025-08-22T12:00,NaN,NaN,NaN,NaN
2025-08-22T13:00,NaN,NaN,NaN,NaN
2025-08-22T14:00,NaN,NaN,NaN,NaN
2025-08-22T15:00,NaN,NaN,NaN,NaN
2025-08-22T16:00,NaN,NaN,NaN,NaN
2025-08-22T17:00,NaN,NaN,NaN,NaN
2025-08-22T18:00,NaN,NaN,NaN,NaN
2025-08-22T19:00,NaN,NaN,NaN,NaN
2025-08-22T20:00,NaN,NaN,NaN,NaN
2025-08-22T21:00,NaN,NaN,NaN,NaN
2025-08-22T22:00,NaN,NaN,NaN,NaN
2025-08-22T23:00,NaN,NaN,NaN,NaN
2025-08-23T00:00,NaN,NaN,NaN,NaN
2025-08-23T01:00,NaN,NaN,NaN,NaN
2025-08-23T02:00,NaN,NaN,NaN,NaN
2025-08-23T03:00,NaN,NaN,NaN,NaN
2025-08-23T04:00,NaN,NaN,NaN,NaN
2025-08-23T05:00,NaN,NaN,NaN,NaN
2025-08-23T06:00,NaN,NaN,NaN,NaN
2025-08-23T07:00,NaN,NaN,NaN,NaN
2025-08-23T08:00,NaN,NaN,NaN,NaN
2025-08-23T09:00,NaN,NaN,NaN,NaN
2025-08-23T10:00,NaN,NaN,NaN,NaN
2025-08-23T11:00,NaN,NaN,NaN,NaN
2025-08-23T12:00,NaN,NaN,NaN,NaN
2025-08-23T13:00,NaN,NaN,NaN,NaN
2025-08-23T14:00,NaN,NaN,NaN,NaN
2025-08-23T15:00,NaN,NaN,NaN,NaN
2025-08-23T16:00,NaN,NaN,NaN,NaN
2025-08-23T17:00,NaN,NaN,NaN,NaN
2025-08-23T18:00,NaN,NaN,NaN,NaN
2025-08-23T19:00,NaN,NaN,NaN,NaN
2025-08-23T20:00,NaN,NaN,NaN,NaN
2025-08-23T21:00,NaN,NaN,NaN,NaN
2025-08-23T22:00,NaN,NaN,NaN,NaN
2025-08-23T23:00,NaN,NaN,NaN,NaN
2025-08-24T00:00,NaN,NaN,NaN,NaN
2025-08-24T01:00,NaN,NaN,NaN,NaN
2025-08-24T02:00,NaN,NaN,NaN,NaN
2025-08-24T03:00,NaN,NaN,NaN,NaN
2025-08-24T04:00,NaN,NaN,NaN,NaN
2025-08-24T05:00,NaN,NaN,NaN,NaN
2025-08-24T06:00,NaN,NaN,NaN,NaN
2025-08-24T07:00,NaN,NaN,NaN,NaN
2025-08-24T08:00,NaN,NaN,NaN,NaN
2025-08-24T09:00,NaN,NaN,NaN,NaN
2025-08-24T10:00,NaN,NaN,NaN,NaN
2025-08-24T11:00,NaN,NaN,NaN,NaN
2025-08-24T12:00,NaN,NaN,NaN,NaN
2025-08-24T13:00,NaN,NaN,NaN,NaN
2025-08-24T14:00,NaN,NaN,NaN,NaN
2025-08-24T15:00,NaN,NaN,NaN,NaN
2025-08-24T16:00,NaN,NaN,NaN,NaN
2025-08-24T17:00,NaN,NaN,NaN,NaN
2025-08-24T18:00,NaN,NaN,NaN,NaN
2025-08-24T19:00,NaN,NaN,NaN,NaN
2025-08-24T20:00,NaN,NaN,NaN,NaN
2025-08-24T21:00,NaN,NaN,NaN,NaN
2025-08-24T22:00,NaN,NaN,NaN,NaN
2025-08-24T23:00,NaN,NaN,NaN,NaN
2025-08-25T00:00,NaN,NaN,NaN,NaN
2025-08-25T01:00,NaN,NaN,NaN,NaN
2025-08-25T02:00,NaN,NaN,NaN,NaN
2025-08-25T03:00,NaN,NaN,NaN,NaN
2025-08-25T04:00,NaN,NaN,NaN,NaN
2025-08-25T05:00,NaN,NaN,NaN,NaN
2025-08-25T06:00,NaN,NaN,NaN,NaN
2025-08-25T07:00,NaN,NaN,NaN,NaN
2025-08-25T08:00,NaN,NaN,NaN,NaN
2025-08-25T09:00,NaN,NaN,NaN,NaN
2025-08-25T10:00,NaN,NaN,NaN,NaN
2025-08-25T11:00,NaN,NaN,NaN,NaN
2025-08-25T12:00,NaN,NaN,NaN,NaN
2025-08-25T13:00,NaN,NaN,NaN,NaN
2025-08-25T14:00,NaN,NaN,NaN,NaN
2025-08-25T15:00,NaN,NaN,NaN,NaN
2025-08-25T16:00,NaN,NaN,NaN,NaN
2025-08-25T17:00,NaN,NaN,NaN,NaN
2025-08-25T18:00,NaN,NaN,NaN,NaN
2025-08-25T19:00,NaN,NaN,NaN,NaN
2025-08-25T20:00,NaN,NaN,NaN,NaN
2025-08-25T21:00,NaN,NaN,NaN,NaN
2025-08-25T22:00,NaN,NaN,NaN,NaN
2025-08-25T23:00,NaN,NaN,NaN,NaN
2025-08-26T00:00,NaN,NaN,NaN,NaN
2025-08-26T01:00,NaN,NaN,NaN,NaN
2025-08-26T02:00,NaN,NaN,NaN,NaN
2025-08-26T03:00,NaN,NaN,NaN,NaN
2025-08-26T04:00,NaN,NaN,NaN,NaN
2025-08-26T05:00,NaN,NaN,NaN,NaN
2025-08-26T06:00,NaN,NaN,NaN,NaN
2025-08-26T07:00,NaN,NaN,NaN,NaN
2025-08-26T08:00,NaN,NaN,NaN,NaN
2025-08-26T09:00,NaN,NaN,NaN,NaN
2025-08-26T10:00,NaN,NaN,NaN,NaN
2025-08-26T11:00,NaN,NaN,NaN,NaN
2025-08-26T12:00,NaN,NaN,NaN,NaN
2025-08-26T13:00,NaN,NaN,NaN,NaN
2025-08-26T14:00,NaN,NaN,NaN,NaN
2025-08-26T15:00,NaN,NaN,NaN,NaN
2025-08-26T16:00,NaN,NaN,NaN,NaN
2025-08-26T17:00,NaN,NaN,NaN,NaN
2025-08-26T18:00,NaN,NaN,NaN,NaN
2025-08-26T19:00,NaN,NaN,NaN,NaN
2025-08-26T20:00,NaN,NaN,NaN,NaN
2025-08-26T21:00,NaN,NaN,NaN,NaN
2025-08-26T22:00,NaN,NaN,NaN,NaN
2025-08-26T23:00,NaN,NaN,NaN,NaN
2025-08-27T00:00,NaN,NaN,NaN,NaN
2025-08-27T01:00,NaN,NaN,NaN,NaN
2025-08-27T02:00,NaN,NaN,NaN,NaN
2025-08-27T03:00,NaN,NaN,NaN,NaN
2025-08-27T04:00,NaN,NaN,NaN,NaN
2025-08-27T05:00,NaN,NaN,NaN,NaN
2025-08-27T06:00,NaN,NaN,NaN,NaN
2025-08-27T07:00,NaN,NaN,NaN,NaN
2025-08-27T08:00,NaN,NaN,NaN,NaN
2025-08-27T09:00,NaN,NaN,NaN,NaN
2025-08-27T10:00,NaN,NaN,NaN,NaN
2025-08-27T11:00,NaN,NaN,NaN,NaN
2025-08-27T12:00,NaN,NaN,NaN,NaN
2025-08-27T13:00,NaN,NaN,NaN,NaN
2025-08-27T14:00,NaN,NaN,NaN,NaN
2025-08-27T15:00,NaN,NaN,NaN,NaN
2025-08-27T16:00,NaN,NaN,NaN,NaN
2025-08-27T17:00,NaN,NaN,NaN,NaN
2025-08-27T18:00,NaN,NaN,NaN,NaN
2025-08-27T19:00,NaN,NaN,NaN,NaN
2025-08-27T20:00,NaN,NaN,NaN,NaN
2025-08-27T21:00,NaN,NaN,NaN,NaN
2025-08-27T22:00,NaN,NaN,NaN,NaN
2025-08-27T23:00,NaN,NaN,NaN,NaN
2025-08-28T00:00,21.1,0.00,0.00,4.7
2025-08-28T01:00,21.1,0.00,0.00,2.5
2025-08-28T02:00,21.3,0.00,0.00,2.9
2025-08-28T03:00,20.5,0.00,0.00,2.2
2025-08-28T04:00,20.6,0.00,0.00,3.6
2025-08-28T05:00,20.0,0.20,0.00,4.3
2025-08-28T06:00,20.7,0.10,0.00,2.9
2025-08-28T07:00,20.8,0.90,0.00,1.1
2025-08-28T08:00,20.4,5.80,0.00,4.3
2025-08-28T09:00,20.8,0.60,0.00,3.6
2025-08-28T10:00,21.2,2.90,0.00,2.9
2025-08-28T11:00,22.0,0.10,0.00,1.8
2025-08-28T12:00,22.8,0.20,0.00,2.9
2025-08-28T13:00,23.4,0.10,0.00,1.1
2025-08-28T14:00,22.7,1.40,0.00,5.4
2025-08-28T15:00,22.0,1.00,0.00,1.8
2025-08-28T16:00,21.9,3.80,0.00,3.6
2025-08-28T17:00,20.7,23.00,0.00,11.9
2025-08-28T18:00,18.7,23.30,0.00,6.1
2025-08-28T19:00,19.0,8.60,0.00,5.4
2025-08-28T20:00,19.2,5.40,0.00,4.0
2025-08-28T21:00,19.3,0.00,0.00,2.5
2025-08-28T22:00,19.1,5.00,0.00,5.4
2025-08-28T23:00,18.7,8.10,0.00,4.0
2025-08-29T00:00,19.1,2.30,0.00,6.1
2025-08-29T01:00,19.0,6.90,0.00,3.6
2025-08-29T02:00,18.8,0.80,0.00,0.4
2025-08-29T03:00,18.9,0.00,0.00,3.2
2025-08-29T04:00,18.7,0.00,0.00,2.9
2025-08-29T05:00,18.5,0.00,0.00,3.2
2025-08-29T06:00,19.0,0.00,0.00,2.5
2025-08-29T07:00,19.5,0.00,0.00,1.1
2025-08-29T08:00,20.4,0.00,0.00,1.4
2025-08-29T09:00,21.6,0.00,0.00,4.3
2025-08-29T10:00,23.6,0.00,0.00,1.8
2025-08-29T11:00,24.9,0.00,0.00,4.7
2025-08-29T12:00,25.3,0.00,0.00,7.2
2025-08-29T13:00,26.5,0.00,0.00,14.0
2025-08-29T14:00,26.3,0.00,0.00,18.4
2025-08-29T15:00,26.1,0.00,0.00,14.8
2025-08-29T16:00,25.2,0.00,0.00,11.5
2025-08-29T17:00,22.8,1.60,0.00,11.5
2025-08-29T18:00,19.3,1.50,0.00,5.0
2025-08-29T19:00,18.5,0.00,0.00,4.3
2025-08-29T20:00,17.2,0.00,0.00,4.3
2025-08-29T21:00,17.0,0.00,0.00,4.0
2025-08-29T22:00,17.6,0.00,0.00,2.9
2025-08-29T23:00,17.1,0.00,0.00,3.2
2025-08-30T00:00,16.6,0.00,0.00,4.0
2025-08-30T01:00,16.2,0.00,0.00,2.5
2025-08-30T02:00,16.3,0.00,0.00,2.5
2025-08-30T03:00,17.0,0.00,0.00,2.9
2025-08-30T04:00,16.5,0.10,0.00,2.5
2025-08-30T05:00,16.7,0.10,0.00,3.2
2025-08-30T06:00,16.5,1.30,0.00,2.5
2025-08-30T07:00,17.2,3.00,0.00,6.8
2025-08-30T08:00,18.0,0.00,0.00,3.2
2025-08-30T09:00,18.7,0.00,0.00,1.8
2025-08-30T10:00,18.9,0.10,0.00,1.1
2025-08-30T11:00,19.4,0.00,0.00,5.4
2025-08-30T12:00,23.1,0.00,0.00,3.6
2025-08-30T13:00,24.2,0.00,0.00,1.4
2025-08-30T14:00,24.9,0.00,0.00,1.4
2025-08-30T15:00,25.2,0.00,0.00,1.4
2025-08-30T16:00,25.0,0.00,0.00,3.2
2025-08-30T17:00,24.0,0.00,0.00,2.9
2025-08-30T18:00,22.1,0.00,0.00,1.1
2025-08-30T19:00,20.5,0.00,0.00,3.2
2025-08-30T20:00,19.1,0.00,0.00,2.2
2025-08-30T21:00,18.2,0.00,0.00,1.8
2025-08-30T22:00,17.3,0.00,0.00,2.2
2025-08-30T23:00,16.7,0.00,0.00,2.2
2025-08-31T00:00,15.9,0.00,0.00,3.2
2025-08-31T01:00,15.3,0.00,0.00,3.2
2025-08-31T02:00,14.8,0.00,0.00,2.9
2025-08-31T03:00,15.1,0.00,0.00,2.2
2025-08-31T04:00,15.2,0.00,0.00,2.9
2025-08-31T05:00,14.8,0.00,0.00,3.6
2025-08-31T06:00,15.3,0.00,0.00,2.9
2025-08-31T07:00,17.6,0.00,0.00,2.2
2025-08-31T08:00,19.7,0.00,0.00,1.8
2025-08-31T09:00,21.6,0.00,0.00,1.1
2025-08-31T10:00,23.2,0.00,0.00,0.4
2025-08-31T11:00,24.6,0.00,0.00,1.8
2025-08-31T12:00,25.1,0.00,0.00,4.7
2025-08-31T13:00,25.8,0.00,0.00,5.8
2025-08-31T14:00,26.4,0.00,0.00,5.4
2025-08-31T15:00,26.5,0.00,0.00,6.5
2025-08-31T16:00,25.7,0.00,0.00,6.5
2025-08-31T17:00,24.6,0.00,0.00,4.7
2025-08-31T18:00,23.2,0.00,0.00,2.9
2025-08-31T19:00,22.1,0.00,0.00,2.5
2025-08-31T20:00,20.6,0.00,0.00,4.3
2025-08-31T21:00,19.5,0.00,0.00,4.7
2025-08-31T22:00,19.4,0.00,0.00,3.6
2025-08-31T23:00,18.9,0.00,0.00,3.6
2025-09-01T00:00,18.4,0.00,0.00,3.2
2025-09-01T01:00,17.8,0.00,0.00,4.3
2025-09-01T02:00,18.0,0.00,0.00,4.0
2025-09-01T03:00,17.7,0.00,0.00,5.4
2025-09-01T04:00,16.6,0.00,0.00,3.2
2025-09-01T05:00,17.1,0.00,0.00,4.7
2025-09-01T06:00,17.3,0.00,0.00,1.1
2025-09-01T07:00,19.7,0.00,0.00,2.5
2025-09-01T08:00,21.3,0.00,0.00,1.1
2025-09-01T09:00,23.0,0.00,0.00,1.8
2025-09-01T10:00,24.6,0.00,0.00,4.7
2025-09-01T11:00,25.8,0.00,0.00,10.4
2025-09-01T12:00,26.3,0.00,0.00,14.8
2025-09-01T13:00,26.7,0.00,0.00,15.5
2025-09-01T14:00,26.2,0.00,0.00,12.2
2025-09-01T15:00,25.4,0.00,0.00,7.6
2025-09-01T16:00,24.7,0.00,0.00,4.0
2025-09-01T17:00,24.1,0.00,0.00,4.0
2025-09-01T18:00,22.9,0.00,0.00,2.2
2025-09-01T19:00,22.1,0.00,0.00,2.9
2025-09-01T20:00,21.4,0.00,0.00,4.3
2025-09-01T21:00,20.7,0.00,0.00,1.8
2025-09-01T22:00,20.0,2.90,0.00,4.3
2025-09-01T23:00,20.1,0.00,0.00,3.6
2025-09-02T00:00,18.3,1.60,0.00,3.6
2025-09-02T01:00,18.3,3.70,0.00,4.0
2025-09-02T02:00,17.9,1.20,0.00,8.3
2025-09-02T03:00,17.6,0.00,0.00,2.9
2025-09-02T04:00,17.3,0.00,0.00,3.2
2025-09-02T05:00,17.2,0.00,0.00,1.8
2025-09-02T06:00,17.5,0.00,0.00,1.1
2025-09-02T07:00,18.4,0.00,0.00,3.6
2025-09-02T08:00,19.4,0.00,0.00,3.2
2025-09-02T09:00,20.7,0.00,0.00,1.8
2025-09-02T10:00,22.2,0.00,0.00,0.4
2025-09-02T11:00,23.7,0.00,0.00,1.4
2025-09-02T12:00,24.3,0.00,0.00,4.0
2025-09-02T13:00,24.2,0.00,0.00,12.6
2025-09-02T14:00,21.6,4.80,0.00,10.1
2025-09-02T15:00,22.3,0.00,0.00,2.9
2025-09-02T16:00,22.1,0.00,0.00,4.3
2025-09-02T17:00,22.0,0.00,0.00,3.6
2025-09-02T18:00,20.5,0.00,0.00,4.7
2025-09-02T19:00,19.7,0.00,0.00,2.2
2025-09-02T20:00,19.2,0.00,0.00,2.5
2025-09-02T21:00,18.7,0.00,0.00,2.2
2025-09-02T22:00,18.2,0.00,0.00,1.1
2025-09-02T23:00,17.7,0.00,0.00,2.5
2025-09-03T00:00,16.9,0.00,0.00,1.8
2025-09-03T01:00,16.2,0.00,0.00,2.2
2025-09-03T02:00,16.2,0.00,0.00,2.5
2025-09-03T03:00,15.9,0.00,0.00,2.9
2025-09-03T04:00,15.4,0.00,0.00,2.9
2025-09-03T05:00,15.1,0.00,0.00,3.2
2025-09-03T06:00,15.9,0.00,0.00,1.8
2025-09-03T07:00,18.5,0.00,0.00,2.5
2025-09-03T08:00,20.5,0.00,0.00,3.6
2025-09-03T09:00,21.9,0.00,0.00,2.5
2025-09-03T10:00,23.3,0.00,0.00,1.8
2025-09-03T11:00,24.7,0.00,0.00,0.7
2025-09-03T12:00,25.2,0.00,0.00,4.7
2025-09-03T13:00,26.0,0.00,0.00,5.8
2025-09-03T14:00,26.6,0.00,0.00,4.3
2025-09-03T15:00,25.8,0.00,0.00,0.7
2025-09-03T16:00,25.1,0.00,0.00,2.2
2025-09-03T17:00,24.2,0.00,0.00,2.2
2025-09-03T18:00,22.5,0.00,0.00,1.1
2025-09-03T19:00,21.8,0.00,0.00,0.4
2025-09-03T20:00,21.5,0.00,0.00,1.8
2025-09-03T21:00,19.3,0.00,0.00,4.7
2025-09-03T22:00,18.3,0.00,0.00,4.0
2025-09-03T23:00,16.7,0.00,0.00,3.6
2025-09-04T00:00,15.8,0.00,0.00,4.0
2025-09-04T01:00,16.3,0.00,0.00,3.6
2025-09-04T02:00,17.0,0.00,0.00,4.3
2025-09-04T03:00,16.4,0.00,0.00,4.0
2025-09-04T04:00,16.1,0.00,0.00,4.0
2025-09-04T05:00,15.4,0.00,0.00,4.0
2025-09-04T06:00,16.0,0.00,0.00,2.9
2025-09-04T07:00,18.4,0.00,0.00,3.6
2025-09-04T08:00,20.8,0.00,0.00,2.5
2025-09-04T09:00,22.6,0.00,0.00,2.2
2025-09-04T10:00,24.5,0.00,0.00,1.4
2025-09-04T11:00,26.1,0.00,0.00,1.1
2025-09-04T12:00,27.4,0.00,0.00,3.6
2025-09-04T13:00,28.2,0.00,0.00,4.7
2025-09-04T14:00,28.9,0.00,0.00,6.5
2025-09-04T15:00,28.6,0.00,0.00,5.4
2025-09-04T16:00,27.4,0.00,0.00,1.1
2025-09-04T17:00,26.0,0.00,0.00,2.5
2025-09-04T18:00,24.2,0.00,0.00,1.8
2025-09-04T19:00,22.7,0.00,0.00,5.0
2025-09-04T20:00,21.5,0.00,0.00,5.8
2025-09-04T21:00,20.6,0.00,0.00,5.0
2025-09-04T22:00,19.9,0.00,0.00,5.0
2025-09-04T23:00,19.4,0.00,0.00,4.7
2025-09-05T00:00,19.1,0.00,0.00,4.7
2025-09-05T01:00,18.5,0.00,0.00,5.4
2025-09-05T02:00,18.3,0.00,0.00,2.9
2025-09-05T03:00,18.4,1.10,0.00,4.3
2025-09-05T04:00,17.9,0.00,0.00,2.2
2025-09-05T05:00,17.3,0.00,0.00,4.0
2025-09-05T06:00,17.6,0.00,0.00,1.8
2025-09-05T07:00,19.5,0.00,0.00,1.1
2025-09-05T08:00,21.1,0.00,0.00,0.4
2025-09-05T09:00,22.8,0.00,0.00,0.7
2025-09-05T10:00,24.3,0.00,0.00,1.8
2025-09-05T11:00,25.2,0.00,0.00,4.0
2025-09-05T12:00,25.5,0.00,0.00,5.4
2025-09-05T13:00,25.9,0.00,0.00,7.6
2025-09-05T14:00,26.2,0.00,0.00,11.5
2025-09-05T15:00,25.8,0.00,0.00,3.2
2025-09-05T16:00,19.3,0.00,0.00,22.0
2025-09-05T17:00,17.6,0.30,0.00,8.6
2025-09-05T18:00,17.6,0.00,0.00,7.2
2025-09-05T19:00,17.4,0.00,0.00,4.7
2025-09-05T20:00,17.1,0.00,0.00,5.0
2025-09-05T21:00,17.0,0.00,0.00,5.4
2025-09-05T22:00,16.7,0.00,0.00,4.0
2025-09-05T23:00,16.4,0.00,0.00,3.6
2025-09-06T00:00,15.9,0.00,0.00,2.9
2025-09-06T01:00,15.2,0.00,0.00,2.2
2025-09-06T02:00,14.3,0.00,0.00,1.8
2025-09-06T03:00,13.6,0.00,0.00,2.2
2025-09-06T04:00,13.1,0.00,0.00,2.5
2025-09-06T05:00,12.6,0.00,0.00,2.9
2025-09-06T06:00,13.6,0.00,0.00,2.9
2025-09-06T07:00,16.4,0.00,0.00,2.5
2025-09-06T08:00,18.6,0.00,0.00,4.0
2025-09-06T09:00,20.0,0.00,0.00,3.6
2025-09-06T10:00,21.6,0.00,0.00,2.5
2025-09-06T11:00,23.1,0.00,0.00,0.7
2025-09-06T12:00,23.8,0.00,0.00,4.0
2025-09-06T13:00,24.4,0.00,0.00,4.3
2025-09-06T14:00,24.8,0.00,0.00,3.6
2025-09-06T15:00,25.1,0.00,0.00,3.2
2025-09-06T16:00,25.0,0.00,0.00,2.2
2025-09-06T17:00,23.9,0.00,0.00,1.4
2025-09-06T18:00,21.4,0.00,0.00,1.1
2025-09-06T19:00,20.5,0.00,0.00,2.2
2025-09-06T20:00,18.7,0.00,0.00,2.9
2025-09-06T21:00,17.0,0.00,0.00,2.2
2025-09-06T22:00,15.7,0.00,0.00,2.9
2025-09-06T23:00,15.8,0.00,0.00,2.2
2025-09-07T00:00,15.3,0.00,0.00,3.6
2025-09-07T01:00,13.7,0.00,0.00,3.6
2025-09-07T02:00,15.4,0.00,0.00,1.4
2025-09-07T03:00,15.7,0.00,0.00,2.5
2025-09-07T04:00,16.0,0.00,0.00,1.4
2025-09-07T05:00,15.3,0.00,0.00,2.2
2025-09-07T06:00,15.5,0.00,0.00,1.4
2025-09-07T07:00,16.9,0.00,0.00,1.4
2025-09-07T08:00,18.7,0.00,0.00,0.7
2025-09-07T09:00,20.2,0.00,0.00,1.1
2025-09-07T10:00,21.9,0.00,0.00,1.1
2025-09-07T11:00,23.7,0.00,0.00,1.1
2025-09-07T12:00,24.6,0.00,0.00,1.8
2025-09-07T13:00,25.3,0.00,0.00,3.2
2025-09-07T14:00,25.6,0.00,0.00,4.0
2025-09-07T15:00,25.6,0.00,0.00,3.6
2025-09-07T16:00,25.0,0.00,0.00,2.2
2025-09-07T17:00,23.7,0.00,0.00,2.2
2025-09-07T18:00,22.0,0.00,0.00,0.7
2025-09-07T19:00,20.8,0.00,0.00,1.8
2025-09-07T20:00,19.3,0.00,0.00,2.9
2025-09-07T21:00,19.1,0.00,0.00,3.6
2025-09-07T22:00,18.3,0.00,0.00,2.5
2025-09-07T23:00,16.4,0.00,0.00,2.5
2025-09-08T00:00,16.1,0.00,0.00,2.5
2025-09-08T01:00,15.3,0.00,0.00,2.5
2025-09-08T02:00,16.1,0.00,0.00,2.9
2025-09-08T03:00,15.9,0.00,0.00,2.9
2025-09-08T04:00,15.1,0.00,0.00,2.2
2025-09-08T05:00,14.9,0.00,0.00,2.5
2025-09-08T06:00,15.6,0.00,0.00,3.6
2025-09-08T07:00,17.9,0.00,0.00,2.9
2025-09-08T08:00,19.9,0.00,0.00,2.9
2025-09-08T09:00,22.0,0.00,0.00,1.4
2025-09-08T10:00,23.9,0.00,0.00,0.4
2025-09-08T11:00,25.2,0.00,0.00,1.8
2025-09-08T12:00,25.4,0.00,0.00,2.9
2025-09-08T13:00,25.9,0.00,0.00,4.0
2025-09-08T14:00,26.2,0.00,0.00,3.6
2025-09-08T15:00,25.8,0.00,0.00,2.9
2025-09-08T16:00,24.8,0.00,0.00,0.7
2025-09-08T17:00,23.6,0.00,0.00,1.1
2025-09-08T18:00,22.4,0.00,0.00,1.4
2025-09-08T19:00,22.1,0.00,0.00,1.1
2025-09-08T20:00,21.2,0.00,0.00,2.5
2025-09-08T21:00,21.0,0.00,0.00,1.1
2025-09-08T22:00,20.0,0.00,0.00,4.3
2025-09-08T23:00,19.4,0.00,0.00,3.2
2025-09-09T00:00,17.8,0.00,0.00,1.4
2025-09-09T01:00,18.1,0.00,0.00,2.5
2025-09-09T02:00,18.2,0.00,0.00,2.9
2025-09-09T03:00,18.3,0.00,0.00,1.8
2025-09-09T04:00,17.5,0.00,0.00,2.2
2025-09-09T05:00,17.3,0.00,0.00,2.2
2025-09-09T06:00,18.1,0.00,0.00,2.2
2025-09-09T07:00,19.0,0.00,0.00,0.4
2025-09-09T08:00,20.3,0.00,0.00,1.4
2025-09-09T09:00,21.8,0.00,0.00,1.1
2025-09-09T10:00,21.9,0.10,0.00,4.7
2025-09-09T11:00,20.9,0.70,0.00,6.1
2025-09-09T12:00,24.9,0.00,0.00,5.0
2025-09-09T13:00,24.9,0.10,0.00,3.6
2025-09-09T14:00,24.5,0.00,0.00,1.4
2025-09-09T15:00,23.9,0.00,0.00,0.0
2025-09-09T16:00,23.9,0.00,0.00,3.2
2025-09-09T17:00,22.5,0.00,0.00,5.0
2025-09-09T18:00,21.5,0.00,0.00,2.2
2025-09-09T19:00,20.9,0.00,0.00,0.7
2025-09-09T20:00,20.8,0.00,0.00,1.1
2025-09-09T21:00,20.5,0.00,0.00,3.2
2025-09-09T22:00,20.3,0.00,0.00,1.4
2025-09-09T23:00,20.4,0.00,0.00,2.2
2025-09-10T00:00,19.4,0.00,0.00,3.2
2025-09-10T01:00,19.0,0.00,0.00,3.6
2025-09-10T02:00,18.8,0.00,0.00,2.9
2025-09-10T03:00,18.6,0.00,0.00,2.9
2025-09-10T04:00,18.6,0.30,0.00,3.2
2025-09-10T05:00,18.7,0.00,0.00,2.9
2025-09-10T06:00,18.2,0.30,0.00,2.2
2025-09-10T07:00,18.3,2.30,0.00,2.9
2025-09-10T08:00,18.4,0.40,0.00,5.8
2025-09-10T09:00,18.3,1.40,0.00,6.5
2025-09-10T10:00,18.3,0.40,0.00,5.0
2025-09-10T11:00,18.3,1.00,0.00,3.2
2025-09-10T12:00,18.1,0.10,0.00,1.1
2025-09-10T13:00,18.5,1.90,0.00,1.4
2025-09-10T14:00,19.4,0.00,0.00,2.5
2025-09-10T15:00,19.9,0.00,0.00,0.4
2025-09-10T16:00,20.1,0.00,0.00,1.8
2025-09-10T17:00,19.9,0.00,0.00,1.8
2025-09-10T18:00,19.2,0.00,0.00,2.2
2025-09-10T19:00,18.3,0.00,0.00,2.5
2025-09-10T20:00,17.9,0.00,0.00,2.5
2025-09-10T21:00,17.1,0.00,0.00,2.9
2025-09-10T22:00,16.9,0.00,0.00,1.4
2025-09-10T23:00,17.0,0.00,0.00,0.7
2025-09-11T00:00,16.4,0.00,0.00,2.9
2025-09-11T01:00,16.9,0.00,0.00,1.8
2025-09-11T02:00,17.1,0.00,0.00,0.7
2025-09-11T03:00,16.7,0.00,0.00,2.2
2025-09-11T04:00,16.5,0.00,0.00,2.5
2025-09-11T05:00,16.2,0.00,0.00,2.5
2025-09-11T06:00,16.5,0.00,0.00,1.8
2025-09-11T07:00,17.8,0.00,0.00,1.1
2025-09-11T08:00,19.2,0.00,0.00,0.7
2025-09-11T09:00,20.9,0.00,0.00,0.7
2025-09-11T10:00,22.7,0.00,0.00,1.4
2025-09-11T11:00,24.0,0.00,0.00,2.9
2025-09-11T12:00,24.8,0.00,0.00,6.1
2025-09-11T13:00,25.5,0.00,0.00,6.8
2025-09-11T14:00,25.6,0.00,0.00,7.6
2025-09-11T15:00,25.0,0.00,0.00,8.3
2025-09-11T16:00,24.3,0.00,0.00,5.0
2025-09-11T17:00,23.5,0.00,0.00,2.9
2025-09-11T18:00,22.0,0.00,0.00,2.9
2025-09-11T19:00,20.7,0.00,0.00,4.0
2025-09-11T20:00,19.7,0.00,0.00,5.0
2025-09-11T21:00,18.9,0.00,0.00,4.7
2025-09-11T22:00,18.4,0.00,0.00,4.0
2025-09-11T23:00,17.8,0.00,0.00,4.3
2025-09-12T00:00,17.8,0.00,0.00,3.6
2025-09-12T01:00,17.8,0.00,0.00,3.6
2025-09-12T02:00,17.0,0.00,0.00,4.7
2025-09-12T03:00,16.6,0.00,0.00,3.6
2025-09-12T04:00,17.0,0.00,0.00,2.5
2025-09-12T05:00,16.8,0.00,0.00,1.1
2025-09-12T06:00,17.3,0.00,0.00,2.2
2025-09-12T07:00,18.2,0.00,0.00,0.4
2025-09-12T08:00,19.7,0.00,0.00,1.8
2025-09-12T09:00,21.6,0.00,0.00,2.2
2025-09-12T10:00,23.3,0.00,0.00,3.2
2025-09-12T11:00,24.5,0.00,0.00,5.8
2025-09-12T12:00,25.8,0.00,0.00,2.9
2025-09-12T13:00,25.5,0.00,0.00,12.2
2025-09-12T14:00,25.3,0.00,0.00,10.8
2025-09-12T15:00,24.9,0.00,0.00,7.2
2025-09-12T16:00,24.2,0.00,0.00,5.0
2025-09-12T17:00,22.9,0.00,0.00,1.1
2025-09-12T18:00,21.5,0.00,0.00,1.8
2025-09-12T19:00,20.5,0.00,0.00,3.6
2025-09-12T20:00,20.0,0.00,0.00,3.2
2025-09-12T21:00,19.7,0.00,0.00,3.6
2025-09-12T22:00,19.5,0.00,0.00,4.3
2025-09-12T23:00,19.0,0.00,0.00,3.6
2025-09-13T00:00,18.1,0.00,0.00,5.0
2025-09-13T01:00,17.3,0.00,0.00,3.6
2025-09-13T02:00,18.0,0.00,0.00,5.0
2025-09-13T03:00,17.4,0.00,0.00,3.2
2025-09-13T04:00,17.3,0.00,0.00,3.2
2025-09-13T05:00,16.7,0.00,0.00,5.0
2025-09-13T06:00,17.1,0.00,0.00,2.5
2025-09-13T07:00,18.7,0.00,0.00,1.1
2025-09-13T08:00,20.2,0.00,0.00,1.1
2025-09-13T09:00,22.1,0.00,0.00,1.1
2025-09-13T10:00,23.4,0.00,0.00,2.9
2025-09-13T11:00,24.7,0.00,0.00,6.8
2025-09-13T12:00,24.9,0.00,0.00,6.8
2025-09-13T13:00,24.6,0.00,0.00,4.0
2025-09-13T14:00,24.3,0.00,0.00,5.8
2025-09-13T15:00,23.8,0.00,0.00,6.8
2025-09-13T16:00,22.9,0.00,0.00,2.9
2025-09-13T17:00,22.3,0.00,0.00,2.9
2025-09-13T18:00,21.5,0.00,0.00,1.1
2025-09-13T19:00,20.8,0.00,0.00,1.1
2025-09-13T20:00,20.3,0.00,0.00,2.5
2025-09-13T21:00,19.5,0.00,0.00,4.0
2025-09-13T22:00,19.0,0.00,0.00,3.2
2025-09-13T23:00,18.7,0.00,0.00,4.3
2025-09-14T00:00,16.0,0.00,0.00,2.5
2025-09-14T01:00,15.7,0.00,0.00,3.2
2025-09-14T02:00,16.2,0.00,0.00,2.2
2025-09-14T03:00,16.2,0.00,0.00,0.4
2025-09-14T04:00,15.9,0.00,0.00,2.2
2025-09-14T05:00,16.0,0.00,0.00,1.1
2025-09-14T06:00,16.1,0.00,0.00,1.4
2025-09-14T07:00,17.0,0.00,0.00,1.4
2025-09-14T08:00,18.4,0.00,0.00,1.4
2025-09-14T09:00,20.0,0.00,0.00,0.7
2025-09-14T10:00,21.7,0.00,0.00,1.1
2025-09-14T11:00,22.9,0.00,0.00,2.9
2025-09-14T12:00,24.5,0.00,0.00,6.8
2025-09-14T13:00,25.2,0.00,0.00,7.2
2025-09-14T14:00,25.4,0.00,0.00,7.2
2025-09-14T15:00,25.2,0.00,0.00,6.5
2025-09-14T16:00,24.6,0.00,0.00,4.7
2025-09-14T17:00,23.5,0.00,0.00,2.2
2025-09-14T18:00,21.5,0.00,0.00,0.7
2025-09-14T19:00,21.0,0.00,0.00,0.7
2025-09-14T20:00,20.5,0.00,0.00,3.6
2025-09-14T21:00,19.5,0.00,0.00,2.9
2025-09-14T22:00,19.4,0.00,0.00,2.9
2025-09-14T23:00,18.7,0.00,0.00,2.9
2025-09-15T00:00,17.5,0.00,0.00,4.0
2025-09-15T01:00,17.0,0.00,0.00,4.3
2025-09-15T02:00,17.5,0.00,0.00,2.5
2025-09-15T03:00,17.9,0.00,0.00,2.9
2025-09-15T04:00,17.7,0.00,0.00,2.2
2025-09-15T05:00,17.5,0.00,0.00,2.5
2025-09-15T06:00,17.5,0.00,0.00,2.5
2025-09-15T07:00,18.5,0.00,0.00,0.7
2025-09-15T08:00,20.5,0.00,0.00,1.1
2025-09-15T09:00,22.3,0.00,0.00,1.4
2025-09-15T10:00,23.8,0.00,0.00,2.9
2025-09-15T11:00,25.1,0.00,0.00,5.0
2025-09-15T12:00,26.3,0.00,0.00,8.3
2025-09-15T13:00,26.7,0.00,0.00,10.4
2025-09-15T14:00,26.7,0.00,0.00,10.1
2025-09-15T15:00,26.2,0.00,0.00,8.6
2025-09-15T16:00,25.3,0.00,0.00,6.1
2025-09-15T17:00,24.1,0.00,0.00,2.5
2025-09-15T18:00,22.4,0.00,0.00,1.8
2025-09-15T19:00,21.5,0.00,0.00,2.2
2025-09-15T20:00,21.1,0.00,0.00,2.5
2025-09-15T21:00,20.7,0.00,0.00,2.5
2025-09-15T22:00,19.4,0.00,0.00,4.7
2025-09-15T23:00,19.5,0.00,0.00,4.3
2025-09-16T00:00,15.9,0.00,0.00,3.6
2025-09-16T01:00,16.9,0.00,0.00,4.0
2025-09-16T02:00,17.7,0.00,0.00,2.5
2025-09-16T03:00,17.6,0.00,0.00,1.4
2025-09-16T04:00,17.9,0.00,0.00,2.5
2025-09-16T05:00,17.0,0.00,0.00,2.9
2025-09-16T06:00,16.8,0.00,0.00,1.8
2025-09-16T07:00,18.4,0.00,0.00,1.1
2025-09-16T08:00,19.9,0.00,0.00,0.4
2025-09-16T09:00,21.7,0.00,0.00,0.7
2025-09-16T10:00,23.5,0.00,0.00,2.2
2025-09-16T11:00,24.5,0.00,0.00,3.6
2025-09-16T12:00,26.3,0.00,0.00,1.8
2025-09-16T13:00,26.5,0.00,0.00,3.6
2025-09-16T14:00,26.6,0.00,0.00,4.0
2025-09-16T15:00,25.6,0.00,0.00,2.9
2025-09-16T16:00,24.9,0.00,0.00,0.7
2025-09-16T17:00,23.9,0.00,0.00,1.8
2025-09-16T18:00,22.6,0.00,0.00,1.8
2025-09-16T19:00,21.8,0.00,0.00,4.3
2025-09-16T20:00,21.4,0.00,0.00,4.0
2025-09-16T21:00,20.5,0.00,0.00,3.2
2025-09-16T22:00,20.9,0.00,0.00,1.4
2025-09-16T23:00,20.4,0.00,0.00,4.0
2025-09-17T00:00,17.2,0.00,0.00,3.6
2025-09-17T01:00,16.2,0.00,0.00,2.9
2025-09-17T02:00,16.1,0.00,0.00,3.6
2025-09-17T03:00,15.4,0.00,0.00,2.5
2025-09-17T04:00,15.1,0.00,0.00,3.2
2025-09-17T05:00,14.5,0.00,0.00,3.2
2025-09-17T06:00,14.7,0.00,0.00,2.5
2025-09-17T07:00,16.6,0.00,0.00,2.5
2025-09-17T08:00,18.8,0.00,0.00,2.2
2025-09-17T09:00,20.3,0.00,0.00,1.8
2025-09-17T10:00,22.0,0.00,0.00,1.1
2025-09-17T11:00,23.3,0.00,0.00,1.4
2025-09-17T12:00,24.3,0.00,0.00,3.6
2025-09-17T13:00,24.7,0.00,0.00,4.7
2025-09-17T14:00,25.1,0.00,0.00,4.3
2025-09-17T15:00,24.9,0.00,0.00,4.0
2025-09-17T16:00,23.7,0.00,0.00,3.2
2025-09-17T17:00,22.4,0.00,0.00,0.0
2025-09-17T18:00,20.7,0.00,0.00,0.4
2025-09-17T19:00,20.1,0.00,0.00,0.7
2025-09-17T20:00,19.8,0.00,0.00,1.8
2025-09-17T21:00,18.8,0.00,0.00,2.9
2025-09-17T22:00,17.0,0.00,0.00,2.2
2025-09-17T23:00,16.1,0.00,0.00,2.2
2025-09-18T00:00,15.7,0.00,0.00,3.2
2025-09-18T01:00,15.5,0.00,0.00,2.5
2025-09-18T02:00,14.3,0.00,0.00,3.2
2025-09-18T03:00,14.5,0.00,0.00,2.2
2025-09-18T04:00,14.1,0.00,0.00,2.9
2025-09-18T05:00,16.1,0.00,0.00,1.8
2025-09-18T06:00,15.4,0.00,0.00,2.5
2025-09-18T07:00,16.9,0.00,0.00,0.7
2025-09-18T08:00,18.7,0.00,0.00,1.1
2025-09-18T09:00,20.8,0.00,0.00,0.4
2025-09-18T10:00,22.7,0.00,0.00,1.1
2025-09-18T11:00,24.5,0.00,0.00,2.2
2025-09-18T12:00,24.8,0.00,0.00,4.7
2025-09-18T13:00,25.4,0.00,0.00,3.2
2025-09-18T14:00,25.9,0.00,0.00,0.7
2025-09-18T15:00,25.9,0.00,0.00,2.2
2025-09-18T16:00,25.2,0.00,0.00,3.2
2025-09-18T17:00,23.7,0.00,0.00,1.1
2025-09-18T18:00,22.1,0.00,0.00,0.4
2025-09-18T19:00,21.6,0.00,0.00,1.1
2025-09-18T20:00,21.0,0.00,0.00,1.4
2025-09-18T21:00,19.9,0.00,0.00,2.5
2025-09-18T22:00,17.6,0.00,0.00,1.8
2025-09-18T23:00,16.8,0.00,0.00,1.8
2025-09-19T00:00,14.6,0.00,0.00,1.4
2025-09-19T01:00,14.8,0.00,0.00,3.2
2025-09-19T02:00,15.4,0.00,0.00,3.2
2025-09-19T03:00,15.9,0.00,0.00,2.9
2025-09-19T04:00,15.4,0.00,0.00,3.2
2025-09-19T05:00,15.2,0.00,0.00,2.5
2025-09-19T06:00,15.5,0.00,0.00,2.5
2025-09-19T07:00,17.5,0.00,0.00,2.9
2025-09-19T08:00,20.1,0.00,0.00,2.5
2025-09-19T09:00,22.7,0.00,0.00,2.5
2025-09-19T10:00,24.8,0.00,0.00,2.5
2025-09-19T11:00,26.6,0.00,0.00,1.4
2025-09-19T12:00,28.0,0.00,0.00,0.7
2025-09-19T13:00,28.7,0.00,0.00,1.8
2025-09-19T14:00,29.0,0.00,0.00,2.9
2025-09-19T15:00,28.7,0.00,0.00,2.9
2025-09-19T16:00,28.3,0.00,0.00,1.4
2025-09-19T17:00,26.0,0.00,0.00,1.4
2025-09-19T18:00,24.9,0.00,0.00,2.5
2025-09-19T19:00,23.6,0.00,0.00,2.2
2025-09-19T20:00,21.1,0.00,0.00,3.6
2025-09-19T21:00,20.4,0.00,0.00,2.2
2025-09-19T22:00,19.7,0.00,0.00,2.5
2025-09-19T23:00,20.2,0.00,0.00,2.2
2025-09-20T00:00,17.8,0.00,0.00,3.2
2025-09-20T01:00,18.0,0.00,0.00,2.9
2025-09-20T02:00,18.0,0.00,0.00,3.6
2025-09-20T03:00,17.5,0.00,0.00,2.2
2025-09-20T04:00,17.9,0.00,0.00,2.5
2025-09-20T05:00,17.2,0.00,0.00,2.5
2025-09-20T06:00,17.0,0.00,0.00,2.5
2025-09-20T07:00,19.0,0.00,0.00,1.8
2025-09-20T08:00,21.2,0.00,0.00,0.4
2025-09-20T09:00,23.3,0.00,0.00,0.4
2025-09-20T10:00,25.2,0.00,0.00,0.4
2025-09-20T11:00,26.9,0.00,0.00,2.5
2025-09-20T12:00,27.5,0.00,0.00,3.6
2025-09-20T13:00,28.3,0.00,0.00,2.9
2025-09-20T14:00,28.9,0.00,0.00,1.4
2025-09-20T15:00,28.4,0.00,0.00,1.8
2025-09-20T16:00,27.3,0.00,0.00,1.8
2025-09-20T17:00,25.5,0.00,0.00,1.1
2025-09-20T18:00,24.3,0.00,0.00,0.7
2025-09-20T19:00,23.9,0.00,0.00,1.8
2025-09-20T20:00,22.1,0.00,0.00,5.4
2025-09-20T21:00,21.2,0.00,0.00,4.7
2025-09-20T22:00,20.1,0.00,0.00,4.7
2025-09-20T23:00,19.5,0.00,0.00,4.3
2025-09-21T00:00,17.5,0.00,0.00,4.0
2025-09-21T01:00,17.0,0.00,0.00,3.2
2025-09-21T02:00,17.9,0.00,0.00,2.5
2025-09-21T03:00,17.7,0.00,0.00,3.2
2025-09-21T04:00,17.0,0.00,0.00,3.6
2025-09-21T05:00,16.1,0.00,0.00,2.9
2025-09-21T06:00,15.9,0.00,0.00,2.9
2025-09-21T07:00,18.0,0.00,0.00,0.7
2025-09-21T08:00,20.8,0.00,0.00,1.1
2025-09-21T09:00,22.9,0.00,0.00,1.8
2025-09-21T10:00,24.8,0.00,0.00,3.2
2025-09-21T11:00,26.5,0.00,0.00,3.2
2025-09-21T12:00,27.7,0.00,0.00,5.8
2025-09-21T13:00,28.4,0.00,0.00,9.4
2025-09-21T14:00,28.2,0.00,0.00,10.1
2025-09-21T15:00,27.4,0.00,0.00,7.9
2025-09-21T16:00,26.2,0.00,0.00,5.8
2025-09-21T17:00,24.5,0.00,0.00,3.6
2025-09-21T18:00,22.5,0.00,0.00,5.4
2025-09-21T19:00,21.7,0.00,0.00,3.2
2025-09-21T20:00,21.2,0.00,0.00,4.0
2025-09-21T21:00,20.4,0.00,0.00,3.2
2025-09-21T22:00,20.4,0.00,0.00,2.2
2025-09-21T23:00,19.9,0.00,0.00,2.2
2025-09-22T00:00,19.8,0.00,0.00,2.2
2025-09-22T01:00,19.5,0.00,0.00,2.9
2025-09-22T02:00,19.4,0.00,0.00,1.4
2025-09-22T03:00,19.7,0.00,0.00,3.6
2025-09-22T04:00,19.4,0.00,0.00,4.3
2025-09-22T05:00,18.9,0.00,0.00,1.8
2025-09-22T06:00,19.5,0.00,0.00,2.2
2025-09-22T07:00,20.6,0.00,0.00,1.8
2025-09-22T08:00,21.8,0.00,0.00,0.4
2025-09-22T09:00,22.4,0.00,0.00,2.9
2025-09-22T10:00,19.8,4.30,0.00,4.3
2025-09-22T11:00,19.3,2.40,0.00,3.6
2025-09-22T12:00,19.4,0.30,0.00,5.0
2025-09-22T13:00,19.8,0.70,0.00,4.0
2025-09-22T14:00,20.0,0.00,0.00,4.7
2025-09-22T15:00,20.9,0.00,0.00,3.2
2025-09-22T16:00,21.1,0.00,0.00,2.2
2025-09-22T17:00,20.5,0.00,0.00,1.4
2025-09-22T18:00,19.8,0.00,0.00,1.8
2025-09-22T19:00,19.4,0.00,0.00,2.9
2025-09-22T20:00,19.4,0.00,0.00,2.2
2025-09-22T21:00,19.2,0.00,0.00,1.1
2025-09-22T22:00,19.0,0.00,0.00,2.2
2025-09-22T23:00,18.7,0.00,0.00,1.8
2025-09-23T00:00,16.1,0.00,0.00,2.2
2025-09-23T01:00,15.6,0.00,0.00,3.2
2025-09-23T02:00,15.2,0.00,0.00,2.5
2025-09-23T03:00,15.8,0.00,0.00,2.9
2025-09-23T04:00,15.9,0.00,0.00,2.9
2025-09-23T05:00,16.3,0.00,0.00,1.8
2025-09-23T06:00,16.2,0.00,0.00,2.9
2025-09-23T07:00,17.5,0.00,0.00,1.8
2025-09-23T08:00,18.2,0.00,0.00,1.8
2025-09-23T09:00,19.1,0.00,0.00,0.7
2025-09-23T10:00,19.6,0.10,0.00,0.7
2025-09-23T11:00,18.4,1.80,0.00,1.8
2025-09-23T12:00,19.7,0.00,0.00,0.7
2025-09-23T13:00,20.0,0.00,0.00,2.2
2025-09-23T14:00,20.6,0.00,0.00,0.7
2025-09-23T15:00,21.0,0.00,0.00,2.9
2025-09-23T16:00,20.7,0.00,0.00,2.2
2025-09-23T17:00,20.1,0.00,0.00,3.2
2025-09-23T18:00,19.3,0.00,0.00,2.5
2025-09-23T19:00,18.4,0.00,0.00,4.7
2025-09-23T20:00,18.1,0.00,0.00,3.2
2025-09-23T21:00,17.5,3.10,0.00,6.1
2025-09-23T22:00,17.4,0.20,0.00,6.1
2025-09-23T23:00,17.4,0.10,0.00,3.6
2025-09-24T00:00,15.7,0.00,0.00,5.4
2025-09-24T01:00,15.4,1.60,0.00,5.4
2025-09-24T02:00,15.4,0.20,0.00,2.9
2025-09-24T03:00,15.3,0.00,0.00,3.2
2025-09-24T04:00,15.4,0.00,0.00,1.8
2025-09-24T05:00,15.1,0.00,0.00,2.9
2025-09-24T06:00,15.4,0.00,0.00,2.9
2025-09-24T07:00,15.7,0.00,0.00,0.7
2025-09-24T08:00,16.2,0.00,0.00,1.4
2025-09-24T09:00,17.4,0.00,0.00,1.1
2025-09-24T10:00,18.8,0.00,0.00,1.1
2025-09-24T11:00,20.1,0.00,0.00,0.4
2025-09-24T12:00,19.1,0.00,0.00,1.4
2025-09-24T13:00,19.8,0.00,0.00,1.8
2025-09-24T14:00,16.8,6.70,0.00,15.1
2025-09-24T15:00,17.0,0.40,0.00,5.8
2025-09-24T16:00,16.2,2.10,0.00,4.7
2025-09-24T17:00,16.1,0.00,0.00,2.9
2025-09-24T18:00,15.8,0.00,0.00,2.9
2025-09-24T19:00,14.7,0.00,0.00,2.9
2025-09-24T20:00,14.2,0.00,0.00,3.6
2025-09-24T21:00,13.8,0.40,0.00,6.5
2025-09-24T22:00,13.8,0.00,0.00,5.8
2025-09-24T23:00,13.4,0.00,0.00,3.6
2025-09-25T00:00,12.4,0.00,0.00,4.7
2025-09-25T01:00,12.3,0.00,0.00,4.7
2025-09-25T02:00,11.2,0.00,0.00,3.2
2025-09-25T03:00,11.1,0.00,0.00,1.4
2025-09-25T04:00,10.3,0.00,0.00,2.9
2025-09-25T05:00,10.1,0.00,0.00,2.5
2025-09-25T06:00,10.6,0.00,0.00,3.6
2025-09-25T07:00,12.2,0.00,0.00,3.2
2025-09-25T08:00,14.0,0.00,0.00,4.0
2025-09-25T09:00,15.6,0.00,0.00,3.2
2025-09-25T10:00,17.3,0.00,0.00,2.2
2025-09-25T11:00,18.6,0.00,0.00,0.7
2025-09-25T12:00,19.4,0.00,0.00,4.3
2025-09-25T13:00,19.8,0.00,0.00,6.8
2025-09-25T14:00,18.9,0.00,0.00,11.5
2025-09-25T15:00,18.4,0.00,0.00,6.8
2025-09-25T16:00,16.8,0.00,0.00,6.1
2025-09-25T17:00,15.4,1.60,0.00,8.3
2025-09-25T18:00,15.2,1.40,0.00,3.6
2025-09-25T19:00,14.6,0.10,0.00,0.7
2025-09-25T20:00,14.1,0.00,0.00,3.2
2025-09-25T21:00,13.5,0.00,0.00,4.0
2025-09-25T22:00,12.8,0.00,0.00,3.2
2025-09-25T23:00,12.6,0.00,0.00,2.9
2025-09-26T00:00,12.9,0.00,0.00,4.0
2025-09-26T01:00,12.8,0.00,0.00,4.0
2025-09-26T02:00,12.6,0.00,0.00,3.2
2025-09-26T03:00,12.1,0.00,0.00,2.9
2025-09-26T04:00,12.1,0.00,0.00,2.5
2025-09-26T05:00,12.5,0.00,0.00,2.5
2025-09-26T06:00,12.6,0.10,0.00,1.8
2025-09-26T07:00,13.5,0.00,0.00,2.9
2025-09-26T08:00,14.6,0.00,0.00,4.7
2025-09-26T09:00,15.2,0.00,0.00,4.0
2025-09-26T10:00,15.8,0.10,0.00,2.2
2025-09-26T11:00,15.4,0.70,0.00,3.2
2025-09-26T12:00,14.3,0.80,0.00,5.0
2025-09-26T13:00,14.7,0.10,0.00,1.4
2025-09-26T14:00,14.8,0.10,0.00,1.1
2025-09-26T15:00,14.9,0.00,0.00,1.1
2025-09-26T16:00,14.7,0.00,0.00,2.5
2025-09-26T17:00,14.2,0.00,0.00,0.7
2025-09-26T18:00,13.9,0.00,0.00,3.2
2025-09-26T19:00,13.9,0.00,0.00,1.8
2025-09-26T20:00,13.7,0.00,0.00,1.4
2025-09-26T21:00,13.5,0.00,0.00,1.8
2025-09-26T22:00,13.5,0.00,0.00,2.9
2025-09-26T23:00,12.9,0.00,0.00,2.5
2025-09-27T00:00,12.0,0.00,0.00,3.2
2025-09-27T01:00,12.4,0.00,0.00,3.2
2025-09-27T02:00,12.5,0.10,0.00,3.2
2025-09-27T03:00,12.3,0.00,0.00,3.2
2025-09-27T04:00,11.6,0.00,0.00,3.2
2025-09-27T05:00,11.5,0.00,0.00,3.6
2025-09-27T06:00,12.0,0.00,0.00,3.2
2025-09-27T07:00,12.8,0.00,0.00,2.9
2025-09-27T08:00,14.1,0.00,0.00,4.0
2025-09-27T09:00,15.6,0.00,0.00,2.9
2025-09-27T10:00,16.6,0.00,0.00,0.7
2025-09-27T11:00,16.9,0.00,0.00,0.7
2025-09-27T12:00,17.7,0.00,0.00,0.7
2025-09-27T13:00,18.3,0.00,0.00,2.2
2025-09-27T14:00,17.9,0.00,0.00,5.0
2025-09-27T15:00,18.0,0.00,0.00,2.9
2025-09-27T16:00,17.4,0.00,0.00,3.6
2025-09-27T17:00,16.4,0.00,0.00,4.3
2025-09-27T18:00,15.0,0.00,0.00,3.6
2025-09-27T19:00,13.8,0.00,0.00,2.9
2025-09-27T20:00,13.3,0.00,0.00,3.6
2025-09-27T21:00,12.8,0.00,0.00,3.2
2025-09-27T22:00,13.3,0.00,0.00,2.9
2025-09-27T23:00,12.1,0.00,0.00,3.2
2025-09-28T00:00,12.2,0.00,0.00,2.5
2025-09-28T01:00,11.6,0.00,0.00,2.2
2025-09-28T02:00,11.6,0.00,0.00,2.9
2025-09-28T03:00,11.5,0.00,0.00,1.8
2025-09-28T04:00,10.8,0.00,0.00,3.2
2025-09-28T05:00,10.0,0.00,0.00,2.9
2025-09-28T06:00,10.6,0.00,0.00,2.5
2025-09-28T07:00,12.8,0.00,0.00,4.3
2025-09-28T08:00,15.4,0.00,0.00,2.5
2025-09-28T09:00,17.0,0.00,0.00,1.8
2025-09-28T10:00,18.5,0.00,0.00,1.8
2025-09-28T11:00,19.9,0.00,0.00,1.1
2025-09-28T12:00,20.9,0.00,0.00,0.7
2025-09-28T13:00,21.6,0.00,0.00,2.5
2025-09-28T14:00,21.8,0.00,0.00,4.0
2025-09-28T15:00,21.5,0.00,0.00,5.0
2025-09-28T16:00,20.4,0.00,0.00,4.0
2025-09-28T17:00,18.0,0.00,0.00,1.4
2025-09-28T18:00,16.8,0.00,0.00,0.7
2025-09-28T19:00,16.5,0.00,0.00,0.4
2025-09-28T20:00,16.6,0.00,0.00,1.8
2025-09-28T21:00,14.6,0.00,0.00,2.2
2025-09-28T22:00,13.2,0.00,0.00,2.5
2025-09-28T23:00,12.0,0.00,0.00,2.5
2025-09-29T00:00,10.6,0.00,0.00,2.5
2025-09-29T01:00,10.8,0.00,0.00,1.8
2025-09-29T02:00,11.7,0.00,0.00,1.8
2025-09-29T03:00,11.2,0.00,0.00,2.5
2025-09-29T04:00,11.2,0.00,0.00,2.5
2025-09-29T05:00,10.8,0.00,0.00,2.5
2025-09-29T06:00,10.9,0.00,0.00,2.5
2025-09-29T07:00,12.8,0.00,0.00,2.2
2025-09-29T08:00,15.0,0.00,0.00,1.4
2025-09-29T09:00,17.3,0.00,0.00,1.1
2025-09-29T10:00,19.2,0.00,0.00,0.7
2025-09-29T11:00,20.6,0.00,0.00,1.4
2025-09-29T12:00,21.5,0.00,0.00,4.0
2025-09-29T13:00,21.9,0.00,0.00,5.4
2025-09-29T14:00,22.2,0.00,0.00,3.6
2025-09-29T15:00,21.2,0.00,0.00,0.7
2025-09-29T16:00,20.1,0.00,0.00,1.1
2025-09-29T17:00,18.9,0.00,0.00,0.7
2025-09-29T18:00,18.2,0.00,0.00,0.0
2025-09-29T19:00,17.7,0.00,0.00,0.0
2025-09-29T20:00,17.5,0.00,0.00,0.7
2025-09-29T21:00,16.6,0.00,0.00,3.2
2025-09-29T22:00,16.0,0.00,0.00,2.2
2025-09-29T23:00,16.1,0.00,0.00,1.1
2025-09-30T00:00,14.8,0.00,0.00,3.6
2025-09-30T01:00,14.8,0.00,0.00,2.5
2025-09-30T02:00,14.9,0.00,0.00,1.8
2025-09-30T03:00,14.7,0.00,0.00,1.1
2025-09-30T04:00,14.5,0.00,0.00,1.1
2025-09-30T05:00,14.2,0.00,0.00,0.7
2025-09-30T06:00,14.2,0.00,0.00,0.4
2025-09-30T07:00,14.9,0.00,0.00,0.7
2025-09-30T08:00,16.1,0.00,0.00,1.8
2025-09-30T09:00,16.9,0.00,0.00,2.2
2025-09-30T10:00,18.2,0.00,0.00,2.9
2025-09-30T11:00,19.5,0.00,0.00,3.6
2025-09-30T12:00,20.2,0.00,0.00,6.1
2025-09-30T13:00,20.3,0.00,0.00,6.5
2025-09-30T14:00,20.0,0.00,0.00,3.6
2025-09-30T15:00,19.6,0.00,0.00,1.1
2025-09-30T16:00,18.6,0.30,0.00,0.7
2025-09-30T17:00,17.1,0.60,0.00,4.0
2025-09-30T18:00,16.3,0.70,0.00,5.0
2025-09-30T19:00,16.1,0.00,0.00,2.9
2025-09-30T20:00,15.3,0.00,0.00,4.3
2025-09-30T21:00,14.8,0.00,0.00,0.4
2025-09-30T22:00,13.8,0.00,0.00,1.4
2025-09-30T23:00,13.7,0.00,0.00,2.5
2025-10-01T00:00,13.2,0.00,0.00,4.3
2025-10-01T01:00,13.0,0.00,0.00,4.0
2025-10-01T02:00,12.6,0.00,0.00,3.6
2025-10-01T03:00,11.8,0.00,0.00,3.2
2025-10-01T04:00,11.1,0.00,0.00,3.2
2025-10-01T05:00,10.1,0.00,0.00,2.9
2025-10-01T06:00,10.0,0.00,0.00,2.5
2025-10-01T07:00,12.6,0.00,0.00,2.9
2025-10-01T08:00,15.2,0.00,0.00,3.6
2025-10-01T09:00,16.7,0.00,0.00,4.0
2025-10-01T10:00,18.1,0.00,0.00,4.7
2025-10-01T11:00,19.2,0.00,0.00,6.1
2025-10-01T12:00,20.2,0.00,0.00,14.8
2025-10-01T13:00,20.3,0.00,0.00,15.1
2025-10-01T14:00,19.8,0.00,0.00,14.8
2025-10-01T15:00,18.7,0.00,0.00,10.4
2025-10-01T16:00,17.1,0.00,0.00,2.2
2025-10-01T17:00,15.7,0.00,0.00,1.8
2025-10-01T18:00,14.6,0.00,0.00,2.2
2025-10-01T19:00,13.1,0.00,0.00,1.8
2025-10-01T20:00,12.3,0.00,0.00,2.2
2025-10-01T21:00,11.0,0.00,0.00,2.2
2025-10-01T22:00,10.0,0.00,0.00,2.2
2025-10-01T23:00,9.5,0.00,0.00,2.5
2025-10-02T00:00,8.3,0.00,0.00,2.5
2025-10-02T01:00,8.4,0.00,0.00,3.2
2025-10-02T02:00,8.0,0.00,0.00,2.2
2025-10-02T03:00,7.6,0.00,0.00,1.8
2025-10-02T04:00,7.4,0.00,0.00,2.2
2025-10-02T05:00,6.8,0.00,0.00,2.5
2025-10-02T06:00,6.8,0.00,0.00,2.5
2025-10-02T07:00,9.1,0.00,0.00,1.4
2025-10-02T08:00,11.7,0.00,0.00,1.8
2025-10-02T09:00,13.7,0.00,0.00,1.4
2025-10-02T10:00,15.3,0.00,0.00,1.8
2025-10-02T11:00,16.6,0.00,0.00,1.8
2025-10-02T12:00,18.6,0.00,0.00,1.1
2025-10-02T13:00,18.5,0.00,0.00,1.4
2025-10-02T14:00,18.8,0.00,0.00,4.0
2025-10-02T15:00,18.0,0.00,0.00,4.7
2025-10-02T16:00,16.8,0.00,0.00,2.2
2025-10-02T17:00,14.9,0.00,0.00,2.5
2025-10-02T18:00,13.1,0.00,0.00,2.2
2025-10-02T19:00,11.5,0.00,0.00,3.6
2025-10-02T20:00,9.6,0.00,0.00,1.4
2025-10-02T21:00,9.5,0.00,0.00,1.1
2025-10-02T22:00,9.1,0.00,0.00,1.1
2025-10-02T23:00,8.9,0.00,0.00,1.1
2025-10-03T00:00,10.4,0.00,0.00,0.4
2025-10-03T01:00,10.3,0.00,0.00,2.2
2025-10-03T02:00,8.5,0.00,0.00,2.9
2025-10-03T03:00,7.8,0.00,0.00,2.2
2025-10-03T04:00,8.3,0.00,0.00,1.4
2025-10-03T05:00,8.7,0.00,0.00,1.8
2025-10-03T06:00,8.3,0.00,0.00,2.9
2025-10-03T07:00,8.9,0.00,0.00,1.4
2025-10-03T08:00,10.8,0.00,0.00,1.8
2025-10-03T09:00,12.7,0.00,0.00,1.4
2025-10-03T10:00,14.5,0.00,0.00,1.4
2025-10-03T11:00,15.9,0.00,0.00,1.8
2025-10-03T12:00,17.3,0.00,0.00,7.2
2025-10-03T13:00,16.9,0.00,0.00,6.5
2025-10-03T14:00,17.4,0.00,0.00,2.5
2025-10-03T15:00,17.2,0.00,0.00,4.3
2025-10-03T16:00,16.1,0.00,0.00,3.2
2025-10-03T17:00,14.6,0.00,0.00,1.1
2025-10-03T18:00,13.3,0.00,0.00,1.1
2025-10-03T19:00,13.0,0.00,0.00,0.7
2025-10-03T20:00,12.9,0.00,0.00,1.4
2025-10-03T21:00,11.7,0.00,0.00,2.9
2025-10-03T22:00,10.4,0.00,0.00,2.9
2025-10-03T23:00,10.0,0.00,0.00,1.8
2025-10-04T00:00,9.4,0.00,0.00,2.5
2025-10-04T01:00,7.5,0.00,0.00,2.2
2025-10-04T02:00,7.8,0.00,0.00,2.2
2025-10-04T03:00,7.5,0.00,0.00,2.2
2025-10-04T04:00,9.3,0.00,0.00,2.2
2025-10-04T05:00,8.9,0.00,0.00,1.4
2025-10-04T06:00,9.2,0.00,0.00,2.2
2025-10-04T07:00,9.7,0.00,0.00,0.7
2025-10-04T08:00,11.3,0.00,0.00,1.1
2025-10-04T09:00,13.1,0.00,0.00,0.7
2025-10-04T10:00,15.1,0.00,0.00,1.1
2025-10-04T11:00,16.8,0.00,0.00,2.5
2025-10-04T12:00,16.3,0.00,0.00,2.9
2025-10-04T13:00,16.9,0.00,0.00,2.5
2025-10-04T14:00,17.4,0.00,0.00,0.7
2025-10-04T15:00,17.6,0.00,0.00,1.4
2025-10-04T16:00,17.4,0.00,0.00,3.2
2025-10-04T17:00,16.3,0.00,0.00,2.2
2025-10-04T18:00,15.2,0.00,0.00,2.9
2025-10-04T19:00,14.2,0.00,0.00,5.4
2025-10-04T20:00,13.7,0.00,0.00,4.0
2025-10-04T21:00,13.7,0.00,0.00,3.6
2025-10-04T22:00,13.9,0.00,0.00,3.2
2025-10-04T23:00,13.6,0.00,0.00,5.0
2025-10-05T00:00,13.2,0.00,0.00,4.3
2025-10-05T01:00,13.2,0.30,0.00,9.0
2025-10-05T02:00,13.4,0.00,0.00,14.0
2025-10-05T03:00,13.4,0.00,0.00,12.2
2025-10-05T04:00,13.0,0.00,0.00,9.4
2025-10-05T05:00,12.3,0.00,0.00,8.6
2025-10-05T06:00,12.4,0.00,0.00,8.3
2025-10-05T07:00,12.8,0.00,0.00,8.3
2025-10-05T08:00,14.3,0.00,0.00,10.1
2025-10-05T09:00,15.6,0.00,0.00,12.2
2025-10-05T10:00,16.9,0.00,0.00,15.1
2025-10-05T11:00,18.1,0.00,0.00,12.6
2025-10-05T12:00,18.7,0.00,0.00,1.1
2025-10-05T13:00,18.6,0.00,0.00,7.2
2025-10-05T14:00,18.2,0.00,0.00,1.8
2025-10-05T15:00,17.1,0.00,0.00,3.2
2025-10-05T16:00,15.6,0.00,0.00,0.7
2025-10-05T17:00,14.4,0.00,0.00,1.4
2025-10-05T18:00,13.4,0.00,0.00,2.9
2025-10-05T19:00,12.2,0.00,0.00,0.7
2025-10-05T20:00,10.8,0.00,0.00,3.2
2025-10-05T21:00,10.3,0.00,0.00,1.4
2025-10-05T22:00,9.7,0.00,0.00,2.9
2025-10-05T23:00,9.7,0.00,0.00,3.2
2025-10-06T00:00,9.0,0.00,0.00,3.6
2025-10-06T01:00,9.1,0.00,0.00,3.2
2025-10-06T02:00,8.5,0.00,0.00,4.0
2025-10-06T03:00,8.3,0.00,0.00,2.9
2025-10-06T04:00,8.2,0.00,0.00,3.2
2025-10-06T05:00,8.0,0.00,0.00,3.2
2025-10-06T06:00,7.8,0.00,0.00,3.2
2025-10-06T07:00,9.7,0.00,0.00,4.0
2025-10-06T08:00,12.4,0.00,0.00,3.6
2025-10-06T09:00,14.2,0.00,0.00,4.7
2025-10-06T10:00,15.7,0.00,0.00,5.8
2025-10-06T11:00,17.0,0.00,0.00,6.1
2025-10-06T12:00,19.0,0.00,0.00,9.4
2025-10-06T13:00,19.5,0.00,0.00,13.3
2025-10-06T14:00,19.4,0.00,0.00,12.6
2025-10-06T15:00,18.7,0.00,0.00,10.8
2025-10-06T16:00,17.4,0.00,0.00,6.8
2025-10-06T17:00,15.6,0.00,0.00,4.7
2025-10-06T18:00,13.4,0.00,0.00,3.2
2025-10-06T19:00,12.4,0.00,0.00,2.9
2025-10-06T20:00,11.5,0.00,0.00,2.5
2025-10-06T21:00,10.7,0.00,0.00,2.9
2025-10-06T22:00,10.4,0.00,0.00,2.9
2025-10-06T23:00,9.7,0.00,0.00,3.2
2025-10-07T00:00,10.1,0.00,0.00,7.9
2025-10-07T01:00,8.8,0.00,0.00,2.9
2025-10-07T02:00,8.8,0.00,0.00,3.6
2025-10-07T03:00,9.1,0.00,0.00,3.6
2025-10-07T04:00,8.7,0.00,0.00,4.0
2025-10-07T05:00,8.1,0.00,0.00,3.6
2025-10-07T06:00,8.0,0.00,0.00,4.0
2025-10-07T07:00,10.5,0.00,0.00,5.0
2025-10-07T08:00,13.8,0.00,0.00,5.4
2025-10-07T09:00,16.1,0.00,0.00,5.4
2025-10-07T10:00,17.9,0.00,0.00,4.7
2025-10-07T11:00,19.5,0.00,0.00,4.3
2025-10-07T12:00,21.6,0.00,0.00,5.8
2025-10-07T13:00,21.3,0.00,0.00,6.5
2025-10-07T14:00,21.5,0.00,0.00,2.2
2025-10-07T15:00,21.4,0.00,0.00,1.8
2025-10-07T16:00,20.1,0.00,0.00,1.4
2025-10-07T17:00,17.6,0.00,0.00,2.5
2025-10-07T18:00,15.0,0.00,0.00,1.4
2025-10-07T19:00,14.3,0.00,0.00,2.5
2025-10-07T20:00,14.2,0.00,0.00,3.2
2025-10-07T21:00,13.3,0.00,0.00,3.2
2025-10-07T22:00,12.5,0.00,0.00,3.6
2025-10-07T23:00,12.3,0.00,0.00,2.9
2025-10-08T00:00,12.2,0.00,0.00,2.9
2025-10-08T01:00,9.8,0.00,0.00,2.9
2025-10-08T02:00,10.3,0.00,0.00,2.9
2025-10-08T03:00,10.8,0.00,0.00,1.8
2025-10-08T04:00,11.5,0.00,0.00,1.4
2025-10-08T05:00,10.7,0.00,0.00,2.5
2025-10-08T06:00,9.8,0.00,0.00,2.9
2025-10-08T07:00,11.3,0.00,0.00,1.4
2025-10-08T08:00,13.4,0.00,0.00,1.4
2025-10-08T09:00,15.1,0.00,0.00,0.7
2025-10-08T10:00,17.3,0.00,0.00,0.7
2025-10-08T11:00,19.3,0.00,0.00,1.4
2025-10-08T12:00,19.6,0.00,0.00,7.2
2025-10-08T13:00,20.4,0.00,0.00,1.1
2025-10-08T14:00,20.7,0.00,0.00,1.8
2025-10-08T15:00,20.5,0.00,0.00,3.2
2025-10-08T16:00,19.3,0.00,0.00,2.2
2025-10-08T17:00,17.5,0.00,0.00,0.0
2025-10-08T18:00,16.8,0.00,0.00,1.4
2025-10-08T19:00,16.4,0.00,0.00,1.1
2025-10-08T20:00,15.5,0.00,0.00,2.5
2025-10-08T21:00,15.6,0.00,0.00,1.4
2025-10-08T22:00,15.3,0.00,0.00,1.8
2025-10-08T23:00,13.6,0.00,0.00,2.5
2025-10-09T00:00,14.1,0.00,0.00,1.8
2025-10-09T01:00,13.8,0.00,0.00,2.2
2025-10-09T02:00,13.5,0.00,0.00,2.2
2025-10-09T03:00,13.5,0.00,0.00,0.4
2025-10-09T04:00,13.1,0.00,0.00,1.4
2025-10-09T05:00,12.8,0.00,0.00,1.8
2025-10-09T06:00,12.8,0.00,0.00,1.4
2025-10-09T07:00,13.6,0.00,0.00,1.8
2025-10-09T08:00,14.7,0.00,0.00,1.1
2025-10-09T09:00,16.3,0.00,0.00,1.1
2025-10-09T10:00,17.8,0.00,0.00,0.7
2025-10-09T11:00,19.6,0.00,0.00,0.7
2025-10-09T12:00,21.0,0.00,0.00,1.4
2025-10-09T13:00,21.8,0.00,0.00,2.9
2025-10-09T14:00,22.1,0.00,0.00,4.7
2025-10-09T15:00,21.3,0.00,0.00,5.0
2025-10-09T16:00,20.3,0.00,0.00,1.8
2025-10-09T17:00,18.4,0.00,0.00,2.5
2025-10-09T18:00,17.4,0.00,0.00,1.8
2025-10-09T19:00,16.9,0.00,0.00,1.4
2025-10-09T20:00,15.8,0.00,0.00,2.5
2025-10-09T21:00,14.9,0.00,0.00,2.2
2025-10-09T22:00,14.2,0.00,0.00,1.8
2025-10-09T23:00,13.8,0.00,0.00,2.2
2025-10-10T00:00,14.0,0.00,0.00,2.9
2025-10-10T01:00,13.3,0.00,0.00,3.2
2025-10-10T02:00,12.7,0.00,0.00,2.5
2025-10-10T03:00,12.4,0.00,0.00,2.9
2025-10-10T04:00,12.4,0.00,0.00,3.2
2025-10-10T05:00,11.7,0.00,0.00,3.2
2025-10-10T06:00,11.5,0.00,0.00,2.9
2025-10-10T07:00,13.3,0.00,0.00,3.2
2025-10-10T08:00,15.8,0.00,0.00,2.5
2025-10-10T09:00,18.2,0.00,0.00,2.5
2025-10-10T10:00,20.0,0.00,0.00,2.2
2025-10-10T11:00,21.4,0.00,0.00,1.4
2025-10-10T12:00,22.5,0.00,0.00,0.4
2025-10-10T13:00,23.2,0.00,0.00,2.5
2025-10-10T14:00,23.2,0.00,0.00,3.6
2025-10-10T15:00,22.8,0.00,0.00,2.9
2025-10-10T16:00,21.7,0.00,0.00,1.1
2025-10-10T17:00,19.6,0.00,0.00,1.1
2025-10-10T18:00,17.6,0.00,0.00,2.5
2025-10-10T19:00,15.9,0.00,0.00,3.6
2025-10-10T20:00,14.9,0.00,0.00,3.2
2025-10-10T21:00,13.5,0.00,0.00,3.2
2025-10-10T22:00,12.7,0.00,0.00,3.6
2025-10-10T23:00,12.3,0.00,0.00,3.6
2025-10-11T00:00,12.2,0.00,0.00,0.7
2025-10-11T01:00,10.2,0.00,0.00,4.0
2025-10-11T02:00,10.7,0.00,0.00,4.0
2025-10-11T03:00,11.0,0.00,0.00,3.6
2025-10-11T04:00,10.6,0.00,0.00,2.9
2025-10-11T05:00,10.2,0.00,0.00,4.0
2025-10-11T06:00,10.4,0.00,0.00,3.2
2025-10-11T07:00,11.8,0.00,0.00,2.2
2025-10-11T08:00,14.5,0.00,0.00,1.8
2025-10-11T09:00,16.5,0.00,0.00,1.1
2025-10-11T10:00,18.4,0.00,0.00,1.1
2025-10-11T11:00,20.2,0.00,0.00,1.1
2025-10-11T12:00,21.4,0.00,0.00,1.4
2025-10-11T13:00,22.2,0.00,0.00,2.2
2025-10-11T14:00,22.5,0.00,0.00,2.9
2025-10-11T15:00,22.2,0.00,0.00,3.2
2025-10-11T16:00,20.7,0.00,0.00,1.8
2025-10-11T17:00,18.3,0.00,0.00,2.5
2025-10-11T18:00,17.3,0.00,0.00,1.1
2025-10-11T19:00,16.5,0.00,0.00,3.6
2025-10-11T20:00,14.7,0.00,0.00,4.0
2025-10-11T21:00,13.0,0.00,0.00,3.6
2025-10-11T22:00,12.1,0.00,0.00,3.2
2025-10-11T23:00,11.7,0.00,0.00,3.2
2025-10-12T00:00,11.5,0.00,0.00,2.2
2025-10-12T01:00,12.7,0.00,0.00,1.1
2025-10-12T02:00,12.2,0.00,0.00,1.1
2025-10-12T03:00,11.9,0.00,0.00,1.8
2025-10-12T04:00,12.6,0.00,0.00,1.1
2025-10-12T05:00,12.3,0.00,0.00,1.4
2025-10-12T06:00,11.8,0.00,0.00,1.4
2025-10-12T07:00,11.9,0.00,0.00,1.1
2025-10-12T08:00,13.4,0.00,0.00,1.1
2025-10-12T09:00,15.6,0.00,0.00,0.7
2025-10-12T10:00,17.9,0.00,0.00,1.1
2025-10-12T11:00,19.9,0.00,0.00,0.4
2025-10-12T12:00,21.3,0.00,0.00,2.9
2025-10-12T13:00,22.0,0.00,0.00,3.2
2025-10-12T14:00,22.4,0.00,0.00,3.2
2025-10-12T15:00,21.7,0.00,0.00,3.6
2025-10-12T16:00,20.4,0.00,0.00,1.8
2025-10-12T17:00,18.1,0.00,0.00,0.7
2025-10-12T18:00,17.0,0.00,0.00,1.1
2025-10-12T19:00,16.7,0.00,0.00,1.4
2025-10-12T20:00,16.2,0.00,0.00,3.2
2025-10-12T21:00,14.5,0.00,0.00,2.5
2025-10-12T22:00,12.7,0.00,0.00,1.8
2025-10-12T23:00,11.9,0.00,0.00,2.2
2025-10-13T00:00,9.9,0.00,0.00,3.2
2025-10-13T01:00,11.8,0.00,0.00,3.2
2025-10-13T02:00,12.0,0.00,0.00,2.9
2025-10-13T03:00,12.1,0.00,0.00,2.5
2025-10-13T04:00,12.1,0.00,0.00,3.2
2025-10-13T05:00,12.0,0.00,0.00,3.2
2025-10-13T06:00,11.7,0.00,0.00,2.9
2025-10-13T07:00,12.3,0.00,0.00,1.8
2025-10-13T08:00,13.6,0.00,0.00,0.7
2025-10-13T09:00,15.5,0.00,0.00,0.4
2025-10-13T10:00,17.2,0.00,0.00,1.4
2025-10-13T11:00,18.9,0.00,0.00,1.4
2025-10-13T12:00,20.6,0.00,0.00,2.9
2025-10-13T13:00,21.3,0.00,0.00,2.9
2025-10-13T14:00,21.7,0.00,0.00,2.5
2025-10-13T15:00,20.8,0.00,0.00,1.8
2025-10-13T16:00,19.6,0.00,0.00,1.1
2025-10-13T17:00,17.4,0.00,0.00,0.4
2025-10-13T18:00,16.4,0.00,0.00,1.1
2025-10-13T19:00,15.5,0.00,0.00,4.7
2025-10-13T20:00,14.9,0.00,0.00,2.9
2025-10-13T21:00,14.3,0.00,0.00,2.9
2025-10-13T22:00,14.0,0.00,0.00,2.5
2025-10-13T23:00,13.9,0.00,0.00,3.2
2025-10-14T00:00,14.1,0.00,0.00,3.2
2025-10-14T01:00,13.4,0.00,0.00,2.5
2025-10-14T02:00,13.3,0.00,0.00,2.2
2025-10-14T03:00,13.9,0.00,0.00,1.1
2025-10-14T04:00,13.9,0.00,0.00,1.1
2025-10-14T05:00,13.9,0.00,0.00,0.4
2025-10-14T06:00,13.8,0.00,0.00,0.7
2025-10-14T07:00,14.0,0.00,0.00,1.1
2025-10-14T08:00,15.1,0.00,0.00,0.4
2025-10-14T09:00,16.0,0.00,0.00,0.4
2025-10-14T10:00,16.9,0.00,0.00,0.4
2025-10-14T11:00,17.8,0.00,0.00,2.2
2025-10-14T12:00,19.1,0.00,0.00,2.2
2025-10-14T13:00,19.9,0.00,0.00,3.2
2025-10-14T14:00,20.2,0.00,0.00,2.5
2025-10-14T15:00,19.8,0.00,0.00,2.5
2025-10-14T16:00,18.7,0.00,0.00,1.1
2025-10-14T17:00,16.9,0.00,0.00,1.8
2025-10-14T18:00,16.1,0.00,0.00,1.1
2025-10-14T19:00,16.1,0.00,0.00,0.4
2025-10-14T20:00,15.2,0.00,0.00,2.2
2025-10-14T21:00,14.8,0.00,0.00,1.8
2025-10-14T22:00,13.1,0.00,0.00,2.2
2025-10-14T23:00,12.5,0.00,0.00,2.5
2025-10-15T00:00,12.3,0.00,0.00,2.5
2025-10-15T01:00,11.9,0.00,0.00,4.0
2025-10-15T02:00,12.7,0.00,0.00,2.5
2025-10-15T03:00,12.3,0.00,0.00,3.2
2025-10-15T04:00,12.0,0.00,0.00,3.6
2025-10-15T05:00,11.9,0.00,0.00,2.9
2025-10-15T06:00,11.9,0.00,0.00,2.5
2025-10-15T07:00,12.6,0.00,0.00,2.2
2025-10-15T08:00,14.1,0.00,0.00,1.4
2025-10-15T09:00,15.7,0.00,0.00,1.1
2025-10-15T10:00,17.4,0.00,0.00,1.1
2025-10-15T11:00,18.6,0.00,0.00,2.2
2025-10-15T12:00,21.0,0.00,0.00,3.6
2025-10-15T13:00,20.8,0.00,0.00,7.6
2025-10-15T14:00,19.8,0.00,0.00,9.7
2025-10-15T15:00,19.1,0.00,0.00,6.1
2025-10-15T16:00,17.9,0.00,0.00,1.4
2025-10-15T17:00,16.4,0.00,0.00,1.1
2025-10-15T18:00,14.8,0.00,0.00,3.6
2025-10-15T19:00,14.3,0.00,0.00,3.2
2025-10-15T20:00,14.1,0.00,0.00,2.9
2025-10-15T21:00,13.7,0.00,0.00,2.5
2025-10-15T22:00,13.7,0.00,0.00,1.8
2025-10-15T23:00,13.9,0.00,0.00,1.4
2025-10-16T00:00,12.5,0.00,0.00,1.4
2025-10-16T01:00,12.9,0.00,0.00,2.9
2025-10-16T02:00,12.5,0.00,0.00,1.8
2025-10-16T03:00,12.7,0.00,0.00,1.8
2025-10-16T04:00,12.9,0.00,0.00,1.4
2025-10-16T05:00,12.7,0.00,0.00,1.8
2025-10-16T06:00,12.6,0.00,0.00,1.1
2025-10-16T07:00,12.7,0.00,0.00,1.8
2025-10-16T08:00,13.7,0.00,0.00,1.8
2025-10-16T09:00,14.9,0.00,0.00,1.1
2025-10-16T10:00,16.3,0.00,0.00,1.1
2025-10-16T11:00,17.7,0.00,0.00,1.4
2025-10-16T12:00,18.9,0.00,0.00,2.5
2025-10-16T13:00,19.5,0.00,0.00,2.9
2025-10-16T14:00,19.4,0.00,0.00,2.9
2025-10-16T15:00,18.5,0.00,0.00,2.9
2025-10-16T16:00,17.1,0.00,0.00,2.5
2025-10-16T17:00,15.0,0.00,0.00,0.7
2025-10-16T18:00,14.1,0.00,0.00,0.7
2025-10-16T19:00,13.5,0.00,0.00,3.2
2025-10-16T20:00,13.1,0.00,0.00,3.2
2025-10-16T21:00,13.1,0.00,0.00,2.9
2025-10-16T22:00,13.0,0.00,0.00,2.9
2025-10-16T23:00,13.1,0.00,0.00,2.9
2025-10-17T00:00,12.7,0.00,0.00,2.5
2025-10-17T01:00,11.9,0.00,0.00,3.2
2025-10-17T02:00,10.8,0.00,0.00,3.2
2025-10-17T03:00,11.0,0.00,0.00,2.5
2025-10-17T04:00,10.8,0.00,0.00,2.2
2025-10-17T05:00,10.5,0.00,0.00,1.4
2025-10-17T06:00,10.0,0.00,0.00,2.2
2025-10-17T07:00,10.9,0.00,0.00,2.5
2025-10-17T08:00,12.6,0.00,0.00,2.9
2025-10-17T09:00,14.3,0.00,0.00,1.8
2025-10-17T10:00,15.9,0.00,0.00,1.1
2025-10-17T11:00,17.3,0.00,0.00,0.7
2025-10-17T12:00,18.6,0.00,0.00,3.2
2025-10-17T13:00,19.0,0.00,0.00,3.6
2025-10-17T14:00,19.2,0.00,0.00,4.0
2025-10-17T15:00,18.6,0.00,0.00,4.7
2025-10-17T16:00,17.1,0.00,0.00,1.8
2025-10-17T17:00,14.7,0.00,0.00,1.8
2025-10-17T18:00,13.7,0.00,0.00,0.0
2025-10-17T19:00,13.4,0.00,0.00,0.4
2025-10-17T20:00,12.8,0.00,0.00,4.3
2025-10-17T21:00,12.2,0.00,0.00,3.2
2025-10-17T22:00,12.1,0.00,0.00,2.9
2025-10-17T23:00,11.7,0.00,0.00,2.9
2025-10-18T00:00,8.2,0.00,0.00,0.4
2025-10-18T01:00,9.1,0.00,0.00,3.2
2025-10-18T02:00,10.3,0.00,0.00,1.4
2025-10-18T03:00,11.0,0.00,0.00,1.4
2025-10-18T04:00,10.4,0.00,0.00,2.2
2025-10-18T05:00,9.8,0.00,0.00,1.4
2025-10-18T06:00,8.7,0.00,0.00,1.8
2025-10-18T07:00,9.7,0.00,0.00,1.8
2025-10-18T08:00,12.1,0.00,0.00,1.8
2025-10-18T09:00,13.9,0.00,0.00,1.4
2025-10-18T10:00,15.7,0.00,0.00,0.4
2025-10-18T11:00,17.2,0.00,0.00,1.4
2025-10-18T12:00,18.4,0.00,0.00,4.0
2025-10-18T13:00,18.9,0.00,0.00,4.7
2025-10-18T14:00,19.2,0.00,0.00,4.7
2025-10-18T15:00,18.2,0.00,0.00,4.0
2025-10-18T16:00,16.8,0.00,0.00,1.8
2025-10-18T17:00,14.5,0.00,0.00,1.1
2025-10-18T18:00,13.7,0.00,0.00,2.9
2025-10-18T19:00,12.5,0.00,0.00,3.6
2025-10-18T20:00,12.2,0.00,0.00,2.9
2025-10-18T21:00,11.9,0.00,0.00,3.2
2025-10-18T22:00,11.6,0.00,0.00,3.2
2025-10-18T23:00,11.7,0.00,0.00,2.9
2025-10-19T00:00,11.4,0.00,0.00,1.1
2025-10-19T01:00,11.6,0.00,0.00,2.5
2025-10-19T02:00,11.7,0.00,0.00,4.0
2025-10-19T03:00,11.8,0.00,0.00,4.3
2025-10-19T04:00,10.7,0.00,0.00,4.7
2025-10-19T05:00,10.3,0.00,0.00,4.0
2025-10-19T06:00,9.2,0.00,0.00,2.2
2025-10-19T07:00,10.3,0.00,0.00,1.4
2025-10-19T08:00,11.9,0.00,0.00,0.4
2025-10-19T09:00,13.6,0.00,0.00,1.1
2025-10-19T10:00,14.3,0.00,0.00,1.1
2025-10-19T11:00,15.2,0.00,0.00,1.4
2025-10-19T12:00,16.6,0.00,0.00,5.4
2025-10-19T13:00,17.0,0.00,0.00,6.1
2025-10-19T14:00,17.2,0.00,0.00,3.2
2025-10-19T15:00,16.6,0.00,0.00,3.2
2025-10-19T16:00,15.6,0.00,0.00,2.2
2025-10-19T17:00,14.5,0.00,0.00,1.1
2025-10-19T18:00,13.9,0.00,0.00,1.4
2025-10-19T19:00,13.1,0.00,0.00,0.4
2025-10-19T20:00,12.8,0.00,0.00,1.4
2025-10-19T21:00,12.2,0.00,0.00,1.1
2025-10-19T22:00,11.6,0.00,0.00,1.4
2025-10-19T23:00,11.6,0.00,0.00,2.2
2025-10-20T00:00,9.0,0.00,0.00,2.5
2025-10-20T01:00,9.6,0.00,0.00,1.1
2025-10-20T02:00,9.4,0.00,0.00,2.5
2025-10-20T03:00,9.7,0.00,0.00,1.8
2025-10-20T04:00,9.7,0.00,0.00,2.2
2025-10-20T05:00,9.5,0.00,0.00,0.4
2025-10-20T06:00,9.6,0.00,0.00,0.7
2025-10-20T07:00,10.2,0.00,0.00,0.4
2025-10-20T08:00,11.1,0.00,0.00,0.4
2025-10-20T09:00,12.1,0.00,0.00,0.4
2025-10-20T10:00,13.3,0.00,0.00,0.7
2025-10-20T11:00,14.5,0.00,0.00,0.0
2025-10-20T12:00,16.5,0.00,0.00,4.7
2025-10-20T13:00,17.0,0.00,0.00,6.1
2025-10-20T14:00,16.3,0.00,0.00,9.4
2025-10-20T15:00,15.3,0.10,0.00,2.2
2025-10-20T16:00,14.7,0.10,0.00,2.5
2025-10-20T17:00,13.7,0.30,0.00,2.9
2025-10-20T18:00,13.1,0.20,0.00,1.8
2025-10-20T19:00,12.8,0.20,0.00,1.4
2025-10-20T20:00,12.7,0.10,0.00,2.9
2025-10-20T21:00,12.6,0.10,0.00,2.2
2025-10-20T22:00,12.5,0.00,0.00,1.4
2025-10-20T23:00,12.5,0.00,0.00,3.2
2025-10-21T00:00,12.3,0.00,0.00,1.1
2025-10-21T01:00,11.9,0.10,0.00,1.8
2025-10-21T02:00,11.7,0.00,0.00,1.1
2025-10-21T03:00,11.7,0.20,0.00,1.8
2025-10-21T04:00,11.7,0.10,0.00,0.7
2025-10-21T05:00,11.9,0.00,0.00,1.4
2025-10-21T06:00,12.0,0.00,0.00,1.4
2025-10-21T07:00,12.3,0.00,0.00,1.8
2025-10-21T08:00,12.5,0.00,0.00,0.4
2025-10-21T09:00,13.2,0.00,0.00,0.0
2025-10-21T10:00,13.9,0.00,0.00,0.0
2025-10-21T11:00,14.8,0.00,0.00,2.5
2025-10-21T12:00,16.3,0.00,0.00,3.2
2025-10-21T13:00,17.4,0.00,0.00,2.2
2025-10-21T14:00,17.7,0.00,0.00,1.4
2025-10-21T15:00,17.3,0.00,0.00,2.2
2025-10-21T16:00,16.2,0.00,0.00,1.8
2025-10-21T17:00,14.6,0.00,0.00,1.1
2025-10-21T18:00,14.0,0.00,0.00,1.1
2025-10-21T19:00,13.5,0.00,0.00,1.1
2025-10-21T20:00,13.3,0.00,0.00,2.2
2025-10-21T21:00,13.2,0.00,0.00,1.8
2025-10-21T22:00,13.2,0.00,0.00,2.5
2025-10-21T23:00,11.9,0.00,0.00,3.2
2025-10-22T00:00,11.9,0.00,0.00,1.1
2025-10-22T01:00,11.5,0.00,0.00,1.8
2025-10-22T02:00,11.2,0.00,0.00,2.5
2025-10-22T03:00,10.9,0.00,0.00,2.2
2025-10-22T04:00,11.0,0.00,0.00,1.8
2025-10-22T05:00,10.4,0.00,0.00,3.2
2025-10-22T06:00,10.3,0.00,0.00,0.4
2025-10-22T07:00,11.2,0.00,0.00,2.2
2025-10-22T08:00,11.9,0.00,0.00,1.8
2025-10-22T09:00,12.8,0.00,0.00,0.7
2025-10-22T10:00,14.5,0.00,0.00,0.4
2025-10-22T11:00,15.8,0.00,0.00,1.1
2025-10-22T12:00,18.5,0.00,0.00,2.9
2025-10-22T13:00,19.3,0.00,0.00,3.2
2025-10-22T14:00,19.6,0.00,0.00,2.2
2025-10-22T15:00,18.7,0.00,0.00,1.8
2025-10-22T16:00,17.3,0.00,0.00,1.8
2025-10-22T17:00,16.2,0.00,0.00,1.1
2025-10-22T18:00,15.4,0.00,0.00,1.8
2025-10-22T19:00,14.7,0.00,0.00,2.9
2025-10-22T20:00,14.3,0.00,0.00,3.6
2025-10-22T21:00,13.9,0.00,0.00,2.5
2025-10-22T22:00,13.6,0.00,0.00,1.4
2025-10-22T23:00,13.9,0.00,0.00,1.4
2025-10-23T00:00,13.6,0.00,0.00,0.7
2025-10-23T01:00,13.2,0.00,0.00,2.9
2025-10-23T02:00,13.0,0.00,0.00,3.6
2025-10-23T03:00,12.2,0.10,0.00,2.5
2025-10-23T04:00,12.7,0.00,0.00,3.6
2025-10-23T05:00,12.2,0.00,0.00,2.9
2025-10-23T06:00,12.7,0.00,0.00,2.9
2025-10-23T07:00,13.3,0.00,0.00,1.4
2025-10-23T08:00,13.6,0.20,0.00,4.0
2025-10-23T09:00,14.5,0.50,0.00,2.5
2025-10-23T10:00,14.7,0.50,0.00,4.3
2025-10-23T11:00,14.6,2.40,0.00,2.2
2025-10-23T12:00,17.1,5.90,0.00,14.0
2025-10-23T13:00,16.9,0.80,0.00,14.0
2025-10-23T14:00,16.1,3.60,0.00,6.1
2025-10-23T15:00,16.2,3.00,0.00,5.8
2025-10-23T16:00,15.6,0.00,0.00,5.8
2025-10-23T17:00,14.7,0.00,0.00,2.5
2025-10-23T18:00,14.5,1.50,0.00,9.7
2025-10-23T19:00,13.5,0.00,0.00,1.1
2025-10-23T20:00,12.6,0.00,0.00,0.7
2025-10-23T21:00,12.0,0.00,0.00,2.9
2025-10-23T22:00,11.0,0.00,0.00,2.5
2025-10-23T23:00,11.4,0.00,0.00,2.2
2025-10-24T00:00,11.3,0.00,0.00,2.2
2025-10-24T01:00,9.9,0.00,0.00,2.2
2025-10-24T02:00,8.2,0.00,0.00,3.6
2025-10-24T03:00,8.9,0.00,0.00,3.2
2025-10-24T04:00,8.1,0.00,0.00,4.3
2025-10-24T05:00,8.2,0.00,0.00,4.0
2025-10-24T06:00,8.1,0.00,0.00,4.0
2025-10-24T07:00,8.5,0.00,0.00,2.2
2025-10-24T08:00,10.7,0.00,0.00,1.8
2025-10-24T09:00,13.5,0.00,0.00,1.4
2025-10-24T10:00,14.9,0.00,0.00,2.2
2025-10-24T11:00,16.0,0.00,0.00,1.4
2025-10-24T12:00,16.9,0.00,0.00,9.0
2025-10-24T13:00,17.0,0.00,0.00,8.6
2025-10-24T14:00,16.9,0.00,0.00,6.8
2025-10-24T15:00,16.4,0.00,0.00,4.7
2025-10-24T16:00,15.5,0.00,0.00,1.1
2025-10-24T17:00,13.2,0.00,0.00,1.4
2025-10-24T18:00,12.6,0.00,0.00,0.7
2025-10-24T19:00,9.2,0.00,0.00,2.9
2025-10-24T20:00,9.1,0.00,0.00,2.2
2025-10-24T21:00,9.2,0.00,0.00,2.2
2025-10-24T22:00,8.6,0.00,0.00,1.8
2025-10-24T23:00,7.8,0.00,0.00,2.5
2025-10-25T00:00,8.0,0.00,0.00,3.2
2025-10-25T01:00,4.9,0.00,0.00,6.5
2025-10-25T02:00,6.1,0.00,0.00,2.9
2025-10-25T03:00,5.6,0.00,0.00,3.2
2025-10-25T04:00,5.6,0.00,0.00,2.9
2025-10-25T05:00,5.2,0.00,0.00,3.2
2025-10-25T06:00,5.2,0.00,0.00,2.9
2025-10-25T07:00,6.3,0.00,0.00,0.4
2025-10-25T08:00,8.5,0.00,0.00,1.4
2025-10-25T09:00,10.6,0.00,0.00,1.4
2025-10-25T10:00,12.6,0.00,0.00,0.4
2025-10-25T11:00,13.9,0.00,0.00,1.4
2025-10-25T12:00,17.9,0.00,0.00,16.6
2025-10-25T13:00,18.2,0.00,0.00,18.7
2025-10-25T14:00,17.8,0.00,0.00,16.9
2025-10-25T15:00,17.0,0.00,0.00,11.9
2025-10-25T16:00,15.7,0.00,0.00,6.1
2025-10-25T17:00,13.9,0.00,0.00,2.2
2025-10-25T18:00,13.5,0.00,0.00,3.2
2025-10-25T19:00,11.5,0.00,0.00,2.5
2025-10-25T20:00,12.0,0.00,0.00,0.7
2025-10-25T21:00,12.0,0.00,0.00,2.5
2025-10-25T22:00,9.5,0.00,0.00,2.9
2025-10-25T23:00,9.2,0.00,0.00,3.6
2025-10-26T00:00,8.6,0.00,0.00,4.3
2025-10-26T01:00,8.5,0.00,0.00,2.5
2025-10-26T02:00,9.1,0.00,0.00,2.2
2025-10-26T03:00,9.3,0.00,0.00,2.5
2025-10-26T04:00,8.3,0.00,0.00,2.5
2025-10-26T05:00,7.8,0.00,0.00,2.9
2025-10-26T06:00,7.3,0.00,0.00,2.9
2025-10-26T07:00,8.3,0.00,0.00,2.5
2025-10-26T08:00,10.5,0.00,0.00,2.5
2025-10-26T09:00,12.7,0.00,0.00,2.2
2025-10-26T10:00,14.3,0.00,0.00,1.1
2025-10-26T11:00,15.8,0.00,0.00,1.1
2025-10-26T12:00,17.1,0.00,0.00,1.8
2025-10-26T13:00,17.6,0.00,0.00,2.2
2025-10-26T14:00,17.1,0.00,0.00,4.0
2025-10-26T15:00,15.9,0.10,0.00,4.7
2025-10-26T16:00,14.0,0.00,0.00,3.2
2025-10-26T17:00,12.4,0.00,0.00,4.3
2025-10-26T18:00,11.1,0.00,0.00,5.4
2025-10-26T19:00,10.6,0.00,0.00,5.8
2025-10-26T20:00,10.0,0.00,0.00,5.8
2025-10-26T21:00,9.6,0.00,0.00,5.0
2025-10-26T22:00,8.6,0.00,0.00,2.9
2025-10-26T23:00,7.8,0.00,0.00,1.4
2025-10-27T00:00,7.1,0.00,0.00,3.2
2025-10-27T01:00,6.8,0.00,0.00,3.6
2025-10-27T02:00,6.2,0.00,0.00,4.0
2025-10-27T03:00,6.1,0.00,0.00,1.8
2025-10-27T04:00,6.6,0.00,0.00,3.6
2025-10-27T05:00,6.9,0.00,0.00,0.4
2025-10-27T06:00,5.5,0.00,0.00,1.4
2025-10-27T07:00,5.9,0.00,0.00,2.9
2025-10-27T08:00,6.5,0.00,0.00,0.7
2025-10-27T09:00,8.6,0.00,0.00,1.1
2025-10-27T10:00,10.0,0.00,0.00,1.4
2025-10-27T11:00,11.6,0.00,0.00,1.1
2025-10-27T12:00,15.3,0.00,0.00,4.3
2025-10-27T13:00,16.0,0.00,0.00,9.0
2025-10-27T14:00,16.1,0.00,0.00,4.7
2025-10-27T15:00,15.8,0.00,0.00,1.4
2025-10-27T16:00,14.5,0.00,0.00,1.8
2025-10-27T17:00,12.9,0.00,0.00,2.9
2025-10-27T18:00,10.2,0.00,0.00,5.4
2025-10-27T19:00,10.1,0.00,0.00,4.0
2025-10-27T20:00,10.2,0.00,0.00,1.4
2025-10-27T21:00,8.5,0.00,0.00,4.7
2025-10-27T22:00,8.3,0.00,0.00,5.8
2025-10-27T23:00,8.6,0.00,0.00,5.0
2025-10-28T00:00,8.5,0.00,0.00,5.0
2025-10-28T01:00,8.0,0.00,0.00,5.8
2025-10-28T02:00,7.9,0.00,0.00,2.9
2025-10-28T03:00,8.1,0.00,0.00,4.0
2025-10-28T04:00,8.2,0.00,0.00,2.2
2025-10-28T05:00,4.1,0.00,0.00,4.3
2025-10-28T06:00,4.7,0.00,0.00,3.6
2025-10-28T07:00,6.2,0.00,0.00,2.2
2025-10-28T08:00,8.3,0.00,0.00,1.4
2025-10-28T09:00,10.1,0.00,0.00,0.7
2025-10-28T10:00,12.2,0.00,0.00,0.4
2025-10-28T11:00,14.0,0.00,0.00,1.1
2025-10-28T12:00,16.5,0.00,0.00,2.5
2025-10-28T13:00,17.6,0.00,0.00,2.2
2025-10-28T14:00,17.6,0.00,0.00,1.1
2025-10-28T15:00,17.2,0.00,0.00,0.7
2025-10-28T16:00,15.7,0.00,0.00,1.8
2025-10-28T17:00,13.4,0.00,0.00,2.2
2025-10-28T18:00,12.9,0.00,0.00,0.4
2025-10-28T19:00,12.5,0.00,0.00,2.5
2025-10-28T20:00,10.2,0.00,0.00,3.2
2025-10-28T21:00,9.3,0.00,0.00,1.4
2025-10-28T22:00,9.4,0.00,0.00,1.8
2025-10-28T23:00,8.2,0.00,0.00,2.2
2025-10-29T00:00,5.7,0.00,0.00,4.3
2025-10-29T01:00,5.5,0.00,0.00,3.2
2025-10-29T02:00,6.7,0.00,0.00,2.2
2025-10-29T03:00,7.1,0.00,0.00,2.5
2025-10-29T04:00,7.4,0.00,0.00,2.2
2025-10-29T05:00,5.5,0.00,0.00,2.9
2025-10-29T06:00,5.5,0.00,0.00,2.5
2025-10-29T07:00,6.6,0.00,0.00,1.4
2025-10-29T08:00,9.2,0.00,0.00,0.7
2025-10-29T09:00,11.7,0.00,0.00,1.4
2025-10-29T10:00,13.8,0.00,0.00,2.9
2025-10-29T11:00,15.2,0.00,0.00,2.5
2025-10-29T12:00,17.5,0.00,0.00,5.0
2025-10-29T13:00,17.6,0.00,0.00,9.4
2025-10-29T14:00,17.5,0.00,0.00,12.2
2025-10-29T15:00,16.9,0.00,0.00,9.0
2025-10-29T16:00,15.9,0.00,0.00,6.1
2025-10-29T17:00,14.6,0.00,0.00,4.3
2025-10-29T18:00,13.8,0.00,0.00,3.2
2025-10-29T19:00,13.5,0.00,0.00,4.0
2025-10-29T20:00,12.7,0.20,0.00,4.0
2025-10-29T21:00,12.6,0.30,0.00,3.2
2025-10-29T22:00,12.8,0.00,0.00,4.3
2025-10-29T23:00,13.0,0.20,0.00,3.2
2025-10-30T00:00,12.3,0.60,0.00,5.8
2025-10-30T01:00,12.0,1.00,0.00,5.8
2025-10-30T02:00,12.2,1.60,0.00,2.5
2025-10-30T03:00,12.2,1.30,0.00,2.5
2025-10-30T04:00,12.2,1.40,0.00,2.2
2025-10-30T05:00,12.1,1.70,0.00,1.1
2025-10-30T06:00,12.1,1.10,0.00,1.1
2025-10-30T07:00,12.1,0.70,0.00,2.2
2025-10-30T08:00,12.6,0.00,0.00,2.2
2025-10-30T09:00,13.5,0.00,0.00,2.2
2025-10-30T10:00,14.4,0.00,0.00,0.7
2025-10-30T11:00,15.2,0.00,0.00,1.4
2025-10-30T12:00,15.0,0.00,0.00,3.2
2025-10-30T13:00,15.7,0.00,0.00,1.4
2025-10-30T14:00,16.0,0.00,0.00,2.2
2025-10-30T15:00,15.8,0.00,0.00,1.8
2025-10-30T16:00,15.2,0.00,0.00,1.4
2025-10-30T17:00,14.8,0.00,0.00,1.4
2025-10-30T18:00,14.5,0.00,0.00,1.8
2025-10-30T19:00,12.8,0.00,0.00,2.9
2025-10-30T20:00,12.4,0.00,0.00,3.2
2025-10-30T21:00,12.3,0.00,0.00,3.6
2025-10-30T22:00,12.0,0.00,0.00,4.0
2025-10-30T23:00,12.0,0.00,0.00,3.6
2025-10-31T00:00,11.6,0.00,0.00,4.0
2025-10-31T01:00,12.1,0.00,0.00,2.9
2025-10-31T02:00,12.2,0.00,0.00,3.2
2025-10-31T03:00,12.2,0.00,0.00,4.3
2025-10-31T04:00,12.4,0.00,0.00,2.9
2025-10-31T05:00,12.5,0.00,0.00,3.6
2025-10-31T06:00,12.2,0.00,0.00,4.0
2025-10-31T07:00,12.6,0.00,0.00,2.2
2025-10-31T08:00,13.2,0.00,0.00,2.2
2025-10-31T09:00,14.0,0.00,0.00,1.8
2025-10-31T10:00,14.9,0.00,0.00,1.8
2025-10-31T11:00,15.6,0.00,0.00,1.1
2025-10-31T12:00,16.4,0.00,0.00,1.4
2025-10-31T13:00,16.9,0.00,0.00,2.2
2025-10-31T14:00,17.2,0.00,0.00,3.2
2025-10-31T15:00,16.7,0.00,0.00,3.2
2025-10-31T16:00,16.2,0.00,0.00,0.7
2025-10-31T17:00,16.0,0.00,0.00,1.4
2025-10-31T18:00,16.0,0.00,0.00,2.5
2025-10-31T19:00,15.4,0.00,0.00,2.2
2025-10-31T20:00,15.5,0.00,0.00,1.1
2025-10-31T21:00,15.0,0.00,0.00,2.2
2025-10-31T22:00,15.0,0.00,0.00,0.7
2025-10-31T23:00,14.9,0.00,0.00,1.8
2025-11-01T00:00,12.9,0.00,0.00,2.2
2025-11-01T01:00,13.6,0.00,0.00,0.4
2025-11-01T02:00,13.4,0.00,0.00,1.4
2025-11-01T03:00,13.0,0.00,0.00,2.2
2025-11-01T04:00,13.1,0.00,0.00,1.4
2025-11-01T05:00,13.0,0.00,0.00,1.8
2025-11-01T06:00,13.1,0.00,0.00,0.7
2025-11-01T07:00,12.7,0.00,0.00,1.8
2025-11-01T08:00,13.7,0.00,0.00,0.7
2025-11-01T09:00,14.7,0.00,0.00,1.4
2025-11-01T10:00,16.5,0.00,0.00,1.1
2025-11-01T11:00,17.6,0.00,0.00,1.8
2025-11-01T12:00,18.8,0.00,0.00,4.0
2025-11-01T13:00,19.7,0.00,0.00,4.0
2025-11-01T14:00,20.0,0.00,0.00,3.2
2025-11-01T15:00,19.2,0.00,0.00,4.3
2025-11-01T16:00,17.5,0.00,0.00,3.2
2025-11-01T17:00,16.1,0.00,0.00,2.9
2025-11-01T18:00,15.6,0.00,0.00,0.7
2025-11-01T19:00,15.2,0.00,0.00,0.7
2025-11-01T20:00,14.9,0.00,0.00,1.8
2025-11-01T21:00,14.5,0.00,0.00,2.9
2025-11-01T22:00,14.2,0.00,0.00,2.5
2025-11-01T23:00,13.6,0.00,0.00,2.9
2025-11-02T00:00,11.7,0.00,0.00,4.7
2025-11-02T01:00,11.6,0.00,0.00,4.3
2025-11-02T02:00,12.4,0.00,0.00,2.5
2025-11-02T03:00,12.2,0.00,0.00,2.2
2025-11-02T04:00,12.0,0.00,0.00,3.2
2025-11-02T05:00,12.9,0.00,0.00,3.2
2025-11-02T06:00,12.7,0.00,0.00,4.3
2025-11-02T07:00,13.4,0.00,0.00,4.0
2025-11-02T08:00,13.9,0.00,0.00,2.5
2025-11-02T09:00,14.7,0.60,0.00,3.2
2025-11-02T10:00,15.7,0.00,0.00,4.0
2025-11-02T11:00,16.7,0.00,0.00,3.2
2025-11-02T12:00,16.3,1.00,0.00,3.6
2025-11-02T13:00,16.1,2.30,0.00,5.0
2025-11-02T14:00,15.5,4.30,0.00,6.1
2025-11-02T15:00,14.8,2.90,0.00,2.2
2025-11-02T16:00,14.3,2.30,0.00,1.8
2025-11-02T17:00,14.0,2.00,0.00,3.2
2025-11-02T18:00,13.9,5.70,0.00,5.4
2025-11-02T19:00,13.7,0.10,0.00,6.1
2025-11-02T20:00,12.9,7.60,0.00,11.2
2025-11-02T21:00,12.2,1.80,0.00,12.6
2025-11-02T22:00,12.1,1.00,0.00,7.6
2025-11-02T23:00,11.8,0.00,0.00,6.5
2025-11-03T00:00,11.9,0.00,0.00,7.9
2025-11-03T01:00,11.8,0.00,0.00,4.3
2025-11-03T02:00,11.4,0.00,0.00,2.9
2025-11-03T03:00,11.2,0.00,0.00,2.9
2025-11-03T04:00,11.0,0.00,0.00,3.2
2025-11-03T05:00,10.8,0.00,0.00,4.0
2025-11-03T06:00,10.5,0.00,0.00,4.7
2025-11-03T07:00,10.8,0.00,0.00,5.0
2025-11-03T08:00,12.4,0.00,0.00,6.5
2025-11-03T09:00,13.7,0.00,0.00,7.9
2025-11-03T10:00,14.9,0.00,0.00,9.7
2025-11-03T11:00,15.9,0.00,0.00,11.2
2025-11-03T12:00,16.5,0.00,0.00,10.1
2025-11-03T13:00,16.8,0.00,0.00,7.9
2025-11-03T14:00,16.8,0.00,0.00,5.4
2025-11-03T15:00,16.2,0.00,0.00,1.4
2025-11-03T16:00,14.6,0.00,0.00,2.5
2025-11-03T17:00,12.5,0.00,0.00,3.2
2025-11-03T18:00,10.7,0.00,0.00,3.2
2025-11-03T19:00,10.0,0.00,0.00,2.9
2025-11-03T20:00,9.2,0.00,0.00,3.6
2025-11-03T21:00,8.7,0.00,0.00,4.0
2025-11-03T22:00,8.0,0.00,0.00,3.6
2025-11-03T23:00,8.1,0.00,0.00,4.0
2025-11-04T00:00,7.5,0.00,0.00,4.0
2025-11-04T01:00,7.4,0.00,0.00,3.2
2025-11-04T02:00,6.5,0.00,0.00,2.9
2025-11-04T03:00,6.4,0.00,0.00,3.2
2025-11-04T04:00,6.6,0.00,0.00,2.5
2025-11-04T05:00,6.7,0.00,0.00,2.2
2025-11-04T06:00,6.8,0.00,0.00,2.2
2025-11-04T07:00,7.3,0.00,0.00,2.5
2025-11-04T08:00,7.8,0.00,0.00,1.8
2025-11-04T09:00,9.8,0.00,0.00,0.7
2025-11-04T10:00,11.6,0.00,0.00,0.4
2025-11-04T11:00,13.4,0.00,0.00,0.4
2025-11-04T12:00,14.8,0.00,0.00,0.7
2025-11-04T13:00,15.6,0.00,0.00,0.4
2025-11-04T14:00,15.7,0.00,0.00,1.1
2025-11-04T15:00,15.4,0.00,0.00,1.8
2025-11-04T16:00,13.8,0.00,0.00,2.5
2025-11-04T17:00,12.7,0.00,0.00,1.8
2025-11-04T18:00,11.2,0.00,0.00,1.8
2025-11-04T19:00,11.5,0.00,0.00,2.2
2025-11-04T20:00,9.3,0.00,0.00,2.5
2025-11-04T21:00,9.5,0.00,0.00,2.2
2025-11-04T22:00,9.9,0.00,0.00,1.4
2025-11-04T23:00,9.7,0.00,0.00,0.7
2025-11-05T00:00,9.8,0.00,0.00,2.2
2025-11-05T01:00,NaN,NaN,NaN,NaN
2025-11-05T02:00,NaN,NaN,NaN,NaN
2025-11-05T03:00,NaN,NaN,NaN,NaN
2025-11-05T04:00,NaN,NaN,NaN,NaN
2025-11-05T05:00,NaN,NaN,NaN,NaN
2025-11-05T06:00,NaN,NaN,NaN,NaN
2025-11-05T07:00,NaN,NaN,NaN,NaN
2025-11-05T08:00,NaN,NaN,NaN,NaN
2025-11-05T09:00,NaN,NaN,NaN,NaN
2025-11-05T10:00,NaN,NaN,NaN,NaN
2025-11-05T11:00,NaN,NaN,NaN,NaN
2025-11-05T12:00,NaN,NaN,NaN,NaN
2025-11-05T13:00,NaN,NaN,NaN,NaN
2025-11-05T14:00,NaN,NaN,NaN,NaN
2025-11-05T15:00,NaN,NaN,NaN,NaN
2025-11-05T16:00,NaN,NaN,NaN,NaN
2025-11-05T17:00,NaN,NaN,NaN,NaN
2025-11-05T18:00,NaN,NaN,NaN,NaN
2025-11-05T19:00,NaN,NaN,NaN,NaN
2025-11-05T20:00,NaN,NaN,NaN,NaN
2025-11-05T21:00,NaN,NaN,NaN,NaN
2025-11-05T22:00,NaN,NaN,NaN,NaN
2025-11-05T23:00,NaN,NaN,NaN,NaN
2025-11-06T00:00,NaN,NaN,NaN,NaN
2025-11-06T01:00,NaN,NaN,NaN,NaN
2025-11-06T02:00,NaN,NaN,NaN,NaN
2025-11-06T03:00,NaN,NaN,NaN,NaN
2025-11-06T04:00,NaN,NaN,NaN,NaN
2025-11-06T05:00,NaN,NaN,NaN,NaN
2025-11-06T06:00,NaN,NaN,NaN,NaN
2025-11-06T07:00,NaN,NaN,NaN,NaN
2025-11-06T08:00,NaN,NaN,NaN,NaN
2025-11-06T09:00,NaN,NaN,NaN,NaN
2025-11-06T10:00,NaN,NaN,NaN,NaN
2025-11-06T11:00,NaN,NaN,NaN,NaN
2025-11-06T12:00,NaN,NaN,NaN,NaN
2025-11-06T13:00,NaN,NaN,NaN,NaN
2025-11-06T14:00,NaN,NaN,NaN,NaN
2025-11-06T15:00,NaN,NaN,NaN,NaN
2025-11-06T16:00,NaN,NaN,NaN,NaN
2025-11-06T17:00,NaN,NaN,NaN,NaN
2025-11-06T18:00,NaN,NaN,NaN,NaN
2025-11-06T19:00,NaN,NaN,NaN,NaN
2025-11-06T20:00,NaN,NaN,NaN,NaN
2025-11-06T21:00,NaN,NaN,NaN,NaN
2025-11-06T22:00,NaN,NaN,NaN,NaN
2025-11-06T23:00,NaN,NaN,NaN,NaN
2025-11-07T00:00,NaN,NaN,NaN,NaN
2025-11-07T01:00,NaN,NaN,NaN,NaN
2025-11-07T02:00,NaN,NaN,NaN,NaN
2025-11-07T03:00,NaN,NaN,NaN,NaN
2025-11-07T04:00,NaN,NaN,NaN,NaN
2025-11-07T05:00,NaN,NaN,NaN,NaN
2025-11-07T06:00,NaN,NaN,NaN,NaN
2025-11-07T07:00,NaN,NaN,NaN,NaN
2025-11-07T08:00,NaN,NaN,NaN,NaN
2025-11-07T09:00,NaN,NaN,NaN,NaN
2025-11-07T10:00,NaN,NaN,NaN,NaN
2025-11-07T11:00,NaN,NaN,NaN,NaN
2025-11-07T12:00,NaN,NaN,NaN,NaN
2025-11-07T13:00,NaN,NaN,NaN,NaN
2025-11-07T14:00,NaN,NaN,NaN,NaN
2025-11-07T15:00,NaN,NaN,NaN,NaN
2025-11-07T16:00,NaN,NaN,NaN,NaN
2025-11-07T17:00,NaN,NaN,NaN,NaN
2025-11-07T18:00,NaN,NaN,NaN,NaN
2025-11-07T19:00,NaN,NaN,NaN,NaN
2025-11-07T20:00,NaN,NaN,NaN,NaN
2025-11-07T21:00,NaN,NaN,NaN,NaN
2025-11-07T22:00,NaN,NaN,NaN,NaN
2025-11-07T23:00,NaN,NaN,NaN,NaN
2025-11-08T00:00,NaN,NaN,NaN,NaN
2025-11-08T01:00,NaN,NaN,NaN,NaN
2025-11-08T02:00,NaN,NaN,NaN,NaN
2025-11-08T03:00,NaN,NaN,NaN,NaN
2025-11-08T04:00,NaN,NaN,NaN,NaN
2025-11-08T05:00,NaN,NaN,NaN,NaN
2025-11-08T06:00,NaN,NaN,NaN,NaN
2025-11-08T07:00,NaN,NaN,NaN,NaN
2025-11-08T08:00,NaN,NaN,NaN,NaN
2025-11-08T09:00,NaN,NaN,NaN,NaN
2025-11-08T10:00,NaN,NaN,NaN,NaN
2025-11-08T11:00,NaN,NaN,NaN,NaN
2025-11-08T12:00,NaN,NaN,NaN,NaN
2025-11-08T13:00,NaN,NaN,NaN,NaN
2025-11-08T14:00,NaN,NaN,NaN,NaN
2025-11-08T15:00,NaN,NaN,NaN,NaN
2025-11-08T16:00,NaN,NaN,NaN,NaN
2025-11-08T17:00,NaN,NaN,NaN,NaN
2025-11-08T18:00,NaN,NaN,NaN,NaN
2025-11-08T19:00,NaN,NaN,NaN,NaN
2025-11-08T20:00,NaN,NaN,NaN,NaN
2025-11-08T21:00,NaN,NaN,NaN,NaN
2025-11-08T22:00,NaN,NaN,NaN,NaN
2025-11-08T23:00,NaN,NaN,NaN,NaN
2025-11-09T00:00,NaN,NaN,NaN,NaN
2025-11-09T01:00,NaN,NaN,NaN,NaN
2025-11-09T02:00,NaN,NaN,NaN,NaN
2025-11-09T03:00,NaN,NaN,NaN,NaN
2025-11-09T04:00,NaN,NaN,NaN,NaN
2025-11-09T05:00,NaN,NaN,NaN,NaN
2025-11-09T06:00,NaN,NaN,NaN,NaN
2025-11-09T07:00,NaN,NaN,NaN,NaN
2025-11-09T08:00,NaN,NaN,NaN,NaN
2025-11-09T09:00,NaN,NaN,NaN,NaN
2025-11-09T10:00,NaN,NaN,NaN,NaN
2025-11-09T11:00,NaN,NaN,NaN,NaN
2025-11-09T12:00,NaN,NaN,NaN,NaN
2025-11-09T13:00,NaN,NaN,NaN,NaN
2025-11-09T14:00,NaN,NaN,NaN,NaN
2025-11-09T15:00,NaN,NaN,NaN,NaN
2025-11-09T16:00,NaN,NaN,NaN,NaN
2025-11-09T17:00,NaN,NaN,NaN,NaN
2025-11-09T18:00,NaN,NaN,NaN,NaN
2025-11-09T19:00,NaN,NaN,NaN,NaN
2025-11-09T20:00,NaN,NaN,NaN,NaN
2025-11-09T21:00,NaN,NaN,NaN,NaN
2025-11-09T22:00,NaN,NaN,NaN,NaN
2025-11-09T23:00,NaN,NaN,NaN,NaN
2025-11-10T00:00,NaN,NaN,NaN,NaN
2025-11-10T01:00,NaN,NaN,NaN,NaN
2025-11-10T02:00,NaN,NaN,NaN,NaN
2025-11-10T03:00,NaN,NaN,NaN,NaN
2025-11-10T04:00,NaN,NaN,NaN,NaN
2025-11-10T05:00,NaN,NaN,NaN,NaN
2025-11-10T06:00,NaN,NaN,NaN,NaN
2025-11-10T07:00,NaN,NaN,NaN,NaN
2025-11-10T08:00,NaN,NaN,NaN,NaN
2025-11-10T09:00,NaN,NaN,NaN,NaN
2025-11-10T10:00,NaN,NaN,NaN,NaN
2025-11-10T11:00,NaN,NaN,NaN,NaN
2025-11-10T12:00,NaN,NaN,NaN,NaN
2025-11-10T13:00,NaN,NaN,NaN,NaN
2025-11-10T14:00,NaN,NaN,NaN,NaN
2025-11-10T15:00,NaN,NaN,NaN,NaN
2025-11-10T16:00,NaN,NaN,NaN,NaN
2025-11-10T17:00,NaN,NaN,NaN,NaN
2025-11-10T18:00,NaN,NaN,NaN,NaN
2025-11-10T19:00,NaN,NaN,NaN,NaN
2025-11-10T20:00,NaN,NaN,NaN,NaN
2025-11-10T21:00,NaN,NaN,NaN,NaN
2025-11-10T22:00,NaN,NaN,NaN,NaN
2025-11-10T23:00,NaN,NaN,NaN,NaN

time,daylight_duration (s),temperature_2m_max (Â°C),temperature_2m_min (Â°C)
2025-08-02,53081.02,NaN,NaN
2025-08-03,52925.88,NaN,NaN
2025-08-04,52768.67,NaN,NaN
2025-08-05,52609.56,NaN,NaN
2025-08-06,52448.71,NaN,NaN
2025-08-07,52286.29,NaN,NaN
2025-08-08,52122.43,NaN,NaN
2025-08-09,51957.30,NaN,NaN
2025-08-10,51791.04,NaN,NaN
2025-08-11,51623.79,NaN,NaN
2025-08-12,51455.70,NaN,NaN
2025-08-13,51286.89,NaN,NaN
2025-08-14,51117.51,NaN,NaN
2025-08-15,50947.45,NaN,NaN
2025-08-16,50775.44,NaN,NaN
2025-08-17,50601.42,NaN,NaN
2025-08-18,50425.55,NaN,NaN
2025-08-19,50247.97,NaN,NaN
2025-08-20,50068.86,NaN,NaN
2025-08-21,49888.33,NaN,NaN
2025-08-22,49706.56,NaN,NaN
2025-08-23,49523.68,NaN,NaN
2025-08-24,49339.82,NaN,NaN
2025-08-25,49155.12,NaN,NaN
2025-08-26,48969.72,NaN,NaN
2025-08-27,48783.74,NaN,NaN
2025-08-28,48597.32,23.4,18.7
2025-08-29,48410.57,26.5,17.0
2025-08-30,48223.62,25.2,16.2
2025-08-31,48036.58,26.5,14.8
2025-09-01,47849.58,26.7,16.6
2025-09-02,47662.73,24.3,17.2
2025-09-03,47476.15,26.6,15.1
2025-09-04,47289.71,28.9,15.4
2025-09-05,47102.15,26.2,16.4
2025-09-06,46913.36,25.1,12.6
2025-09-07,46723.46,25.6,13.7
2025-09-08,46532.59,26.2,14.9
2025-09-09,46340.87,24.9,17.3
2025-09-10,46148.41,20.1,16.9
2025-09-11,45955.34,25.6,16.2
2025-09-12,45761.77,25.8,16.6
2025-09-13,45567.82,24.9,16.7
2025-09-14,45373.60,25.4,15.7
2025-09-15,45179.23,26.7,17.0
2025-09-16,44984.81,26.6,15.9
2025-09-17,44790.46,25.1,14.5
2025-09-18,44596.30,25.9,14.1
2025-09-19,44402.43,29.0,14.6
2025-09-20,44208.96,28.9,17.0
2025-09-21,44016.00,28.4,15.9
2025-09-22,43823.66,22.4,18.7
2025-09-23,43632.05,21.0,15.2
2025-09-24,43441.05,20.1,13.4
2025-09-25,43249.33,19.8,10.1
2025-09-26,43056.79,15.8,12.1
2025-09-27,42863.54,18.3,11.5
2025-09-28,42669.70,21.8,10.0
2025-09-29,42475.39,22.2,10.6
2025-09-30,42280.73,20.3,13.7
2025-10-01,42085.85,20.3,9.5
2025-10-02,41890.87,18.8,6.8
2025-10-03,41695.90,17.4,7.8
2025-10-04,41501.08,17.6,7.5
2025-10-05,41306.52,18.7,9.7
2025-10-06,41112.34,19.5,7.8
2025-10-07,40918.68,21.6,8.0
2025-10-08,40725.67,20.7,9.8
2025-10-09,40533.41,22.1,12.8
2025-10-10,40342.07,23.2,11.5
2025-10-11,40151.75,22.5,10.2
2025-10-12,39962.60,22.4,11.5
2025-10-13,39774.75,21.7,9.9
2025-10-14,39588.09,20.2,12.5
2025-10-15,39401.14,21.0,11.9
2025-10-16,39213.79,19.5,12.5
2025-10-17,39026.17,19.2,10.0
2025-10-18,38838.43,19.2,8.2
2025-10-19,38650.72,17.2,9.2
2025-10-20,38463.19,17.0,9.0
2025-10-21,38275.99,17.7,11.7
2025-10-22,38089.28,19.6,10.3
2025-10-23,37903.21,17.1,11.0
2025-10-24,37717.95,17.0,7.8
2025-10-25,37533.65,18.2,4.9
2025-10-26,37350.49,17.6,7.3
2025-10-27,37168.64,16.1,5.5
2025-10-28,36988.27,17.6,4.1
2025-10-29,36809.56,17.6,5.5
2025-10-30,36632.69,16.0,12.0
2025-10-31,36457.86,17.2,11.6
2025-11-01,36285.24,20.0,12.7
2025-11-02,36115.04,16.7,11.6
2025-11-03,35947.17,16.8,8.0
2025-11-04,35780.04,15.7,6.4
2025-11-05,35613.53,NaN,NaN
2025-11-06,35447.80,NaN,NaN
2025-11-07,35283.05,NaN,NaN
2025-11-08,35119.45,NaN,NaN
2025-11-09,34957.19,NaN,NaN
2025-11-10,34796.44,NaN,NaN
